challenge,chem_fp,groupsplit,conctype,set,fold,chem_prop,tax_pdm,tax_prop,exp,best_hp,idx_hp,alpha,r2,rmse,mae,pearson
s-F2F-1,MACCS,totallyrandom,molar,train,mean,chemprop,none,none,exp-dropfirst,True,10,0.001,0.76613,0.7702,0.56748,0.87528
s-F2F-1,MACCS,totallyrandom,molar,valid,mean,chemprop,none,none,exp-dropfirst,True,10,0.001,0.73344,0.8213,0.59776,0.85672
s-F2F-1,MACCS,totallyrandom,mass,train,mean,chemprop,none,none,exp-dropfirst,True,10,0.001,0.7317,0.7669,0.56474,0.85539
s-F2F-1,MACCS,totallyrandom,mass,valid,mean,chemprop,none,none,exp-dropfirst,True,10,0.001,0.69408,0.818,0.5947,0.83354
s-F2F-1,MACCS,occurrence,molar,train,mean,chemprop,none,none,exp-dropfirst,True,14,0.00631,0.76827,0.77137,0.5659,0.8765
s-F2F-1,MACCS,occurrence,molar,valid,mean,chemprop,none,none,exp-dropfirst,True,14,0.00631,0.5271,1.08215,0.84437,0.7572
s-F2F-1,MACCS,occurrence,mass,train,mean,chemprop,none,none,exp-dropfirst,True,14,0.00631,0.73398,0.76927,0.56366,0.85672
s-F2F-1,MACCS,occurrence,mass,valid,mean,chemprop,none,none,exp-dropfirst,True,14,0.00631,0.45745,1.0791,0.83989,0.71734
s-F2F-1,pcp,totallyrandom,mass,train,mean,chemprop,none,none,exp-dropfirst,True,9,0.00063,0.84211,0.58831,0.42205,0.91766
s-F2F-1,pcp,totallyrandom,mass,valid,mean,chemprop,none,none,exp-dropfirst,True,9,0.00063,0.75135,0.73686,0.4961,0.86917
s-F2F-1,pcp,totallyrandom,molar,train,mean,chemprop,none,none,exp-dropfirst,True,9,0.00063,0.86279,0.58994,0.42297,0.92887
s-F2F-1,pcp,totallyrandom,molar,valid,mean,chemprop,none,none,exp-dropfirst,True,9,0.00063,0.78365,0.73937,0.49687,0.88697
s-F2F-1,pcp,occurrence,molar,train,mean,chemprop,none,none,exp-dropfirst,True,20,0.1,0.55221,1.07182,0.80973,0.74293
s-F2F-1,pcp,occurrence,molar,valid,mean,chemprop,none,none,exp-dropfirst,True,20,0.1,0.47597,1.13652,0.85778,0.70056
s-F2F-1,pcp,occurrence,mass,train,mean,chemprop,none,none,exp-dropfirst,True,17,0.02512,0.65622,0.87453,0.64649,0.81005
s-F2F-1,pcp,occurrence,mass,valid,mean,chemprop,none,none,exp-dropfirst,True,17,0.02512,0.40224,1.13415,0.88194,0.65755
s-F2F-1,Morgan,totallyrandom,mass,train,mean,chemprop,none,none,exp-dropfirst,True,10,0.001,0.85665,0.56057,0.40096,0.92555
s-F2F-1,Morgan,totallyrandom,mass,valid,mean,chemprop,none,none,exp-dropfirst,True,10,0.001,0.78738,0.68158,0.46924,0.88859
s-F2F-1,Morgan,totallyrandom,molar,train,mean,chemprop,none,none,exp-dropfirst,True,10,0.001,0.87563,0.56165,0.40149,0.93575
s-F2F-1,Morgan,totallyrandom,molar,valid,mean,chemprop,none,none,exp-dropfirst,True,10,0.001,0.81792,0.67821,0.46907,0.90532
s-F2F-1,Morgan,occurrence,molar,train,mean,chemprop,none,none,exp-dropfirst,True,14,0.00631,0.8185,0.68253,0.48177,0.9047
s-F2F-1,Morgan,occurrence,molar,valid,mean,chemprop,none,none,exp-dropfirst,True,14,0.00631,0.492,1.10748,0.87002,0.72562
s-F2F-1,Morgan,occurrence,mass,train,mean,chemprop,none,none,exp-dropfirst,True,14,0.00631,0.79248,0.67925,0.48025,0.8902
s-F2F-1,Morgan,occurrence,mass,valid,mean,chemprop,none,none,exp-dropfirst,True,14,0.00631,0.42681,1.0938,0.85887,0.68242
s-F2F-1,ToxPrint,totallyrandom,mass,train,mean,chemprop,none,none,exp-dropfirst,True,11,0.00158,0.75966,0.72582,0.53287,0.87158
s-F2F-1,ToxPrint,totallyrandom,mass,valid,mean,chemprop,none,none,exp-dropfirst,True,11,0.00158,0.71646,0.78709,0.56719,0.84695
s-F2F-1,ToxPrint,totallyrandom,molar,train,mean,chemprop,none,none,exp-dropfirst,True,10,0.001,0.79566,0.71989,0.52828,0.89199
s-F2F-1,ToxPrint,totallyrandom,molar,valid,mean,chemprop,none,none,exp-dropfirst,True,10,0.001,0.75447,0.78714,0.56715,0.8691
s-F2F-1,ToxPrint,occurrence,mass,train,mean,chemprop,none,none,exp-dropfirst,True,10,0.001,0.7995,0.66741,0.48007,0.89411
s-F2F-1,ToxPrint,occurrence,mass,valid,mean,chemprop,none,none,exp-dropfirst,True,10,0.001,0.43785,1.08645,0.86449,0.70445
s-F2F-1,ToxPrint,occurrence,molar,train,mean,chemprop,none,none,exp-dropfirst,True,9,0.00063,0.82965,0.66092,0.47382,0.91082
s-F2F-1,ToxPrint,occurrence,molar,valid,mean,chemprop,none,none,exp-dropfirst,True,9,0.00063,0.51324,1.0906,0.85956,0.7455
s-F2F-1,mol2vec,totallyrandom,mass,train,mean,chemprop,none,none,exp-dropfirst,True,10,0.001,0.83646,0.59875,0.43087,0.91458
s-F2F-1,mol2vec,totallyrandom,mass,valid,mean,chemprop,none,none,exp-dropfirst,True,10,0.001,0.75687,0.72902,0.49854,0.87168
s-F2F-1,mol2vec,totallyrandom,molar,train,mean,chemprop,none,none,exp-dropfirst,True,10,0.001,0.85827,0.59958,0.43079,0.92643
s-F2F-1,mol2vec,totallyrandom,molar,valid,mean,chemprop,none,none,exp-dropfirst,True,10,0.001,0.78797,0.73247,0.49831,0.88896
s-F2F-1,mol2vec,occurrence,mass,train,mean,chemprop,none,none,exp-dropfirst,True,20,0.1,0.59737,0.94612,0.70239,0.77282
s-F2F-1,mol2vec,occurrence,mass,valid,mean,chemprop,none,none,exp-dropfirst,True,20,0.1,0.47683,1.05697,0.79874,0.70508
s-F2F-1,mol2vec,occurrence,molar,train,mean,chemprop,none,none,exp-dropfirst,True,20,0.1,0.6572,0.93803,0.69552,0.81063
s-F2F-1,mol2vec,occurrence,molar,valid,mean,chemprop,none,none,exp-dropfirst,True,20,0.1,0.55134,1.05382,0.8052,0.7541
s-F2F-1,Mordred,totallyrandom,mass,train,mean,chemprop,none,none,exp-dropfirst,True,8,0.0004,0.85368,0.56631,0.40583,0.92395
s-F2F-1,Mordred,totallyrandom,mass,valid,mean,chemprop,none,none,exp-dropfirst,True,8,0.0004,0.76786,0.71185,0.47814,0.87915
s-F2F-1,Mordred,totallyrandom,molar,train,mean,chemprop,none,none,exp-dropfirst,True,8,0.0004,0.8733,0.56686,0.40666,0.93451
s-F2F-1,Mordred,totallyrandom,molar,valid,mean,chemprop,none,none,exp-dropfirst,True,8,0.0004,0.79895,0.71274,0.47922,0.89598
s-F2F-1,Mordred,occurrence,molar,train,mean,chemprop,none,none,exp-dropfirst,True,18,0.03981,0.75131,0.79916,0.59298,0.86677
s-F2F-1,Mordred,occurrence,molar,valid,mean,chemprop,none,none,exp-dropfirst,True,18,0.03981,0.55179,1.05148,0.82415,0.75056
s-F2F-1,Mordred,occurrence,mass,train,mean,chemprop,none,none,exp-dropfirst,True,20,0.1,0.65244,0.87874,0.66237,0.80764
s-F2F-1,Mordred,occurrence,mass,valid,mean,chemprop,none,none,exp-dropfirst,True,20,0.1,0.49262,1.03863,0.80929,0.70787
s-F2F-1,none,totallyrandom,mass,train,mean,chemprop,none,none,exp-dropfirst,True,0,1e-05,0.41586,1.13159,0.8844,0.64487
s-F2F-1,none,totallyrandom,mass,valid,mean,chemprop,none,none,exp-dropfirst,True,0,1e-05,0.41039,1.13565,0.88741,0.64139
s-F2F-1,none,totallyrandom,molar,train,mean,chemprop,none,none,exp-dropfirst,True,0,1e-05,0.49678,1.12979,0.88066,0.70482
s-F2F-1,none,totallyrandom,molar,valid,mean,chemprop,none,none,exp-dropfirst,True,0,1e-05,0.49198,1.13382,0.88378,0.70201
s-F2F-1,none,occurrence,molar,train,mean,chemprop,none,none,exp-dropfirst,True,15,0.01,0.50203,1.13057,0.86859,0.70838
s-F2F-1,none,occurrence,molar,valid,mean,chemprop,none,none,exp-dropfirst,True,15,0.01,0.45084,1.16366,0.89341,0.68423
s-F2F-1,none,occurrence,mass,train,mean,chemprop,none,none,exp-dropfirst,True,16,0.01585,0.42262,1.13306,0.87238,0.64984
s-F2F-1,none,occurrence,mass,valid,mean,chemprop,none,none,exp-dropfirst,True,16,0.01585,0.36475,1.16474,0.89812,0.61851
s-F2F-2,MACCS,totallyrandom,mass,train,mean,chemprop,none,none,exp-dropfirst,True,5,0.0001,0.77588,0.70168,0.52295,0.88083
s-F2F-2,MACCS,totallyrandom,mass,valid,mean,chemprop,none,none,exp-dropfirst,True,5,0.0001,0.74127,0.75283,0.55774,0.86144
s-F2F-2,MACCS,totallyrandom,molar,train,mean,chemprop,none,none,exp-dropfirst,True,5,0.0001,0.81389,0.70523,0.52541,0.90215
s-F2F-2,MACCS,totallyrandom,molar,valid,mean,chemprop,none,none,exp-dropfirst,True,5,0.0001,0.78486,0.75708,0.56074,0.88624
s-F2F-2,MACCS,occurrence,mass,train,mean,chemprop,none,none,exp-dropfirst,True,17,0.02512,0.6534,0.84522,0.62437,0.8081
s-F2F-2,MACCS,occurrence,mass,valid,mean,chemprop,none,none,exp-dropfirst,True,17,0.02512,0.44736,1.03686,0.75314,0.68439
s-F2F-2,MACCS,occurrence,molar,train,mean,chemprop,none,none,exp-dropfirst,True,17,0.02512,0.71135,0.84757,0.62539,0.84329
s-F2F-2,MACCS,occurrence,molar,valid,mean,chemprop,none,none,exp-dropfirst,True,17,0.02512,0.53171,1.04472,0.76537,0.74184
s-F2F-2,pcp,totallyrandom,mass,train,mean,chemprop,none,none,exp-dropfirst,True,9,0.00063,0.8686,0.53727,0.38523,0.93199
s-F2F-2,pcp,totallyrandom,mass,valid,mean,chemprop,none,none,exp-dropfirst,True,9,0.00063,0.81153,0.64288,0.44375,0.90189
s-F2F-2,pcp,totallyrandom,molar,train,mean,chemprop,none,none,exp-dropfirst,True,10,0.001,0.88431,0.55601,0.39779,0.94038
s-F2F-2,pcp,totallyrandom,molar,valid,mean,chemprop,none,none,exp-dropfirst,True,10,0.001,0.845,0.64302,0.44912,0.91975
s-F2F-2,pcp,occurrence,molar,train,mean,chemprop,none,none,exp-dropfirst,True,12,0.00251,0.87605,0.55479,0.3832,0.93595
s-F2F-2,pcp,occurrence,molar,valid,mean,chemprop,none,none,exp-dropfirst,True,12,0.00251,0.49881,1.07268,0.78661,0.74435
s-F2F-2,pcp,occurrence,mass,train,mean,chemprop,none,none,exp-dropfirst,True,12,0.00251,0.85277,0.55046,0.38109,0.92342
s-F2F-2,pcp,occurrence,mass,valid,mean,chemprop,none,none,exp-dropfirst,True,12,0.00251,0.40091,1.06761,0.78162,0.69117
s-F2F-2,Morgan,totallyrandom,molar,train,mean,chemprop,none,none,exp-dropfirst,True,8,0.0004,0.87824,0.57043,0.40421,0.93715
s-F2F-2,Morgan,totallyrandom,molar,valid,mean,chemprop,none,none,exp-dropfirst,True,8,0.0004,0.8243,0.68435,0.46695,0.90914
s-F2F-2,Morgan,totallyrandom,mass,train,mean,chemprop,none,none,exp-dropfirst,True,10,0.001,0.84063,0.59172,0.42105,0.91686
s-F2F-2,Morgan,totallyrandom,mass,valid,mean,chemprop,none,none,exp-dropfirst,True,10,0.001,0.78789,0.68189,0.47324,0.88865
s-F2F-2,Morgan,occurrence,mass,train,mean,chemprop,none,none,exp-dropfirst,True,15,0.01,0.742,0.72989,0.52056,0.86134
s-F2F-2,Morgan,occurrence,mass,valid,mean,chemprop,none,none,exp-dropfirst,True,15,0.01,0.4062,1.07508,0.75774,0.67871
s-F2F-2,Morgan,occurrence,molar,train,mean,chemprop,none,none,exp-dropfirst,True,15,0.01,0.78503,0.73205,0.52248,0.88598
s-F2F-2,Morgan,occurrence,molar,valid,mean,chemprop,none,none,exp-dropfirst,True,15,0.01,0.51035,1.07299,0.75767,0.7418
s-F2F-2,ToxPrint,totallyrandom,mass,train,mean,chemprop,none,none,exp-dropfirst,True,9,0.00063,0.80251,0.65867,0.48226,0.89583
s-F2F-2,ToxPrint,totallyrandom,mass,valid,mean,chemprop,none,none,exp-dropfirst,True,9,0.00063,0.77257,0.70584,0.51172,0.87937
s-F2F-2,ToxPrint,totallyrandom,molar,train,mean,chemprop,none,none,exp-dropfirst,True,7,0.00025,0.83877,0.65639,0.47895,0.91584
s-F2F-2,ToxPrint,totallyrandom,molar,valid,mean,chemprop,none,none,exp-dropfirst,True,7,0.00025,0.81115,0.70928,0.51157,0.90097
s-F2F-2,ToxPrint,occurrence,mass,train,mean,chemprop,none,none,exp-dropfirst,True,14,0.00631,0.76065,0.70243,0.50769,0.87207
s-F2F-2,ToxPrint,occurrence,mass,valid,mean,chemprop,none,none,exp-dropfirst,True,14,0.00631,0.5042,0.98243,0.71594,0.73882
s-F2F-2,ToxPrint,occurrence,molar,train,mean,chemprop,none,none,exp-dropfirst,True,15,0.01,0.77916,0.74085,0.53727,0.8826
s-F2F-2,ToxPrint,occurrence,molar,valid,mean,chemprop,none,none,exp-dropfirst,True,15,0.01,0.6011,0.96708,0.71159,0.79135
s-F2F-2,mol2vec,totallyrandom,mass,train,mean,chemprop,none,none,exp-dropfirst,True,11,0.00158,0.85353,0.56721,0.41017,0.92386
s-F2F-2,mol2vec,totallyrandom,mass,valid,mean,chemprop,none,none,exp-dropfirst,True,11,0.00158,0.79346,0.67173,0.46548,0.89247
s-F2F-2,mol2vec,totallyrandom,molar,train,mean,chemprop,none,none,exp-dropfirst,True,11,0.00158,0.87862,0.56948,0.41151,0.93734
s-F2F-2,mol2vec,totallyrandom,molar,valid,mean,chemprop,none,none,exp-dropfirst,True,11,0.00158,0.82695,0.67819,0.46872,0.91065
s-F2F-2,mol2vec,occurrence,mass,train,mean,chemprop,none,none,exp-dropfirst,True,19,0.0631,0.66255,0.83417,0.59218,0.81376
s-F2F-2,mol2vec,occurrence,mass,valid,mean,chemprop,none,none,exp-dropfirst,True,19,0.0631,0.52412,0.9626,0.68861,0.73766
s-F2F-2,mol2vec,occurrence,molar,train,mean,chemprop,none,none,exp-dropfirst,True,19,0.0631,0.72167,0.83242,0.58954,0.8494
s-F2F-2,mol2vec,occurrence,molar,valid,mean,chemprop,none,none,exp-dropfirst,True,19,0.0631,0.60404,0.9627,0.68828,0.78621
s-F2F-2,Mordred,totallyrandom,molar,train,mean,chemprop,none,none,exp-dropfirst,True,9,0.00063,0.90109,0.51411,0.36648,0.94926
s-F2F-2,Mordred,totallyrandom,molar,valid,mean,chemprop,none,none,exp-dropfirst,True,9,0.00063,0.83821,0.65605,0.43134,0.91794
s-F2F-2,Mordred,totallyrandom,mass,train,mean,chemprop,none,none,exp-dropfirst,True,11,0.00158,0.85242,0.56941,0.40815,0.92326
s-F2F-2,Mordred,totallyrandom,mass,valid,mean,chemprop,none,none,exp-dropfirst,True,11,0.00158,0.80068,0.66078,0.46069,0.89649
s-F2F-2,Mordred,occurrence,mass,train,mean,chemprop,none,none,exp-dropfirst,True,22,0.25119,0.60032,0.90752,0.6645,0.77443
s-F2F-2,Mordred,occurrence,mass,valid,mean,chemprop,none,none,exp-dropfirst,True,22,0.25119,0.49707,0.98801,0.72911,0.72906
s-F2F-2,Mordred,occurrence,molar,train,mean,chemprop,none,none,exp-dropfirst,True,22,0.25119,0.67419,0.90025,0.65815,0.82088
s-F2F-2,Mordred,occurrence,molar,valid,mean,chemprop,none,none,exp-dropfirst,True,22,0.25119,0.58361,0.98506,0.7307,0.78077
s-F2F-2,none,totallyrandom,mass,train,mean,chemprop,none,none,exp-dropfirst,True,7,0.00025,0.50375,1.04414,0.76489,0.70973
s-F2F-2,none,totallyrandom,mass,valid,mean,chemprop,none,none,exp-dropfirst,True,7,0.00025,0.4995,1.04765,0.7679,0.7071
s-F2F-2,none,totallyrandom,molar,train,mean,chemprop,none,none,exp-dropfirst,True,7,0.00025,0.595,1.04035,0.75994,0.77135
s-F2F-2,none,totallyrandom,molar,valid,mean,chemprop,none,none,exp-dropfirst,True,7,0.00025,0.59133,1.04386,0.76293,0.76931
s-F2F-2,none,occurrence,mass,train,mean,chemprop,none,none,exp-dropfirst,True,23,0.39811,0.42015,1.09399,0.78784,0.64748
s-F2F-2,none,occurrence,mass,valid,mean,chemprop,none,none,exp-dropfirst,True,23,0.39811,0.35843,1.12656,0.80858,0.62743
s-F2F-2,none,occurrence,molar,train,mean,chemprop,none,none,exp-dropfirst,True,23,0.39811,0.52088,1.09256,0.7866,0.72136
s-F2F-2,none,occurrence,molar,valid,mean,chemprop,none,none,exp-dropfirst,True,23,0.39811,0.46924,1.12332,0.80693,0.70369
s-F2F-3,MACCS,totallyrandom,mass,train,mean,chemprop,none,none,exp-dropfirst,True,6,0.00016,0.74103,0.77786,0.5737,0.86082
s-F2F-3,MACCS,totallyrandom,mass,valid,mean,chemprop,none,none,exp-dropfirst,True,6,0.00016,0.6915,0.84685,0.61627,0.8334
s-F2F-3,MACCS,totallyrandom,molar,train,mean,chemprop,none,none,exp-dropfirst,True,6,0.00016,0.77361,0.78204,0.57698,0.87954
s-F2F-3,MACCS,totallyrandom,molar,valid,mean,chemprop,none,none,exp-dropfirst,True,6,0.00016,0.73058,0.8508,0.61944,0.85624
s-F2F-3,MACCS,occurrence,molar,train,mean,chemprop,none,none,exp-dropfirst,True,18,0.03981,0.65768,0.97729,0.76218,0.81093
s-F2F-3,MACCS,occurrence,molar,valid,mean,chemprop,none,none,exp-dropfirst,True,18,0.03981,0.43362,1.19815,0.97615,0.70644
s-F2F-3,MACCS,occurrence,mass,train,mean,chemprop,none,none,exp-dropfirst,True,18,0.03981,0.60955,0.97146,0.75802,0.78065
s-F2F-3,MACCS,occurrence,mass,valid,mean,chemprop,none,none,exp-dropfirst,True,18,0.03981,0.36688,1.18272,0.96099,0.66251
s-F2F-3,pcp,totallyrandom,molar,train,mean,chemprop,none,none,exp-dropfirst,True,10,0.001,0.87169,0.58879,0.42655,0.93364
s-F2F-3,pcp,totallyrandom,molar,valid,mean,chemprop,none,none,exp-dropfirst,True,10,0.001,0.79762,0.73797,0.50794,0.89478
s-F2F-3,pcp,totallyrandom,mass,train,mean,chemprop,none,none,exp-dropfirst,True,11,0.00158,0.83983,0.6118,0.44677,0.91642
s-F2F-3,pcp,totallyrandom,mass,valid,mean,chemprop,none,none,exp-dropfirst,True,11,0.00158,0.76954,0.73232,0.51435,0.87888
s-F2F-3,pcp,occurrence,mass,train,mean,chemprop,none,none,exp-dropfirst,True,19,0.0631,0.55581,1.03582,0.79794,0.74533
s-F2F-3,pcp,occurrence,mass,valid,mean,chemprop,none,none,exp-dropfirst,True,19,0.0631,0.33704,1.22033,0.99048,0.6255
s-F2F-3,pcp,occurrence,molar,train,mean,chemprop,none,none,exp-dropfirst,True,19,0.0631,0.60673,1.04694,0.8099,0.77878
s-F2F-3,pcp,occurrence,molar,valid,mean,chemprop,none,none,exp-dropfirst,True,19,0.0631,0.42051,1.22045,0.9917,0.68308
s-F2F-3,Morgan,totallyrandom,mass,train,mean,chemprop,none,none,exp-dropfirst,True,10,0.001,0.87662,0.53693,0.39012,0.93628
s-F2F-3,Morgan,totallyrandom,mass,valid,mean,chemprop,none,none,exp-dropfirst,True,10,0.001,0.79356,0.69248,0.47613,0.89285
s-F2F-3,Morgan,totallyrandom,molar,train,mean,chemprop,none,none,exp-dropfirst,True,10,0.001,0.89272,0.53838,0.39022,0.94484
s-F2F-3,Morgan,totallyrandom,molar,valid,mean,chemprop,none,none,exp-dropfirst,True,10,0.001,0.8201,0.69468,0.47602,0.9072
s-F2F-3,Morgan,occurrence,mass,train,mean,chemprop,none,none,exp-dropfirst,True,17,0.02512,0.67381,0.88659,0.671,0.82064
s-F2F-3,Morgan,occurrence,mass,valid,mean,chemprop,none,none,exp-dropfirst,True,17,0.02512,0.36085,1.1905,0.95228,0.64647
s-F2F-3,Morgan,occurrence,molar,train,mean,chemprop,none,none,exp-dropfirst,True,17,0.02512,0.71623,0.8883,0.67242,0.84615
s-F2F-3,Morgan,occurrence,molar,valid,mean,chemprop,none,none,exp-dropfirst,True,17,0.02512,0.44371,1.19099,0.95145,0.70204
s-F2F-3,ToxPrint,totallyrandom,molar,train,mean,chemprop,none,none,exp-dropfirst,True,9,0.00063,0.79592,0.74251,0.55663,0.89214
s-F2F-3,ToxPrint,totallyrandom,molar,valid,mean,chemprop,none,none,exp-dropfirst,True,9,0.00063,0.74379,0.82989,0.6037,0.86378
s-F2F-3,ToxPrint,totallyrandom,mass,train,mean,chemprop,none,none,exp-dropfirst,True,9,0.00063,0.76669,0.73834,0.55316,0.8756
s-F2F-3,ToxPrint,totallyrandom,mass,valid,mean,chemprop,none,none,exp-dropfirst,True,9,0.00063,0.7077,0.82458,0.60034,0.84287
s-F2F-3,ToxPrint,occurrence,mass,train,mean,chemprop,none,none,exp-dropfirst,True,17,0.02512,0.63798,0.93564,0.71976,0.7987
s-F2F-3,ToxPrint,occurrence,mass,valid,mean,chemprop,none,none,exp-dropfirst,True,17,0.02512,0.31885,1.23245,0.98778,0.63713
s-F2F-3,ToxPrint,occurrence,molar,train,mean,chemprop,none,none,exp-dropfirst,True,18,0.03981,0.62862,1.01816,0.79709,0.7928
s-F2F-3,ToxPrint,occurrence,molar,valid,mean,chemprop,none,none,exp-dropfirst,True,18,0.03981,0.4084,1.23388,0.9693,0.6818
s-F2F-3,mol2vec,totallyrandom,mass,train,mean,chemprop,none,none,exp-dropfirst,True,12,0.00251,0.83064,0.62907,0.46129,0.91139
s-F2F-3,mol2vec,totallyrandom,mass,valid,mean,chemprop,none,none,exp-dropfirst,True,12,0.00251,0.76653,0.73754,0.51941,0.8772
s-F2F-3,mol2vec,totallyrandom,molar,train,mean,chemprop,none,none,exp-dropfirst,True,12,0.00251,0.85273,0.63079,0.46262,0.92343
s-F2F-3,mol2vec,totallyrandom,molar,valid,mean,chemprop,none,none,exp-dropfirst,True,12,0.00251,0.79692,0.73941,0.52045,0.89404
s-F2F-3,mol2vec,occurrence,mass,train,mean,chemprop,none,none,exp-dropfirst,True,20,0.1,0.60026,0.98206,0.75035,0.77451
s-F2F-3,mol2vec,occurrence,mass,valid,mean,chemprop,none,none,exp-dropfirst,True,20,0.1,0.37745,1.16782,0.92984,0.65651
s-F2F-3,mol2vec,occurrence,molar,train,mean,chemprop,none,none,exp-dropfirst,True,20,0.1,0.65482,0.98041,0.74562,0.80905
s-F2F-3,mol2vec,occurrence,molar,valid,mean,chemprop,none,none,exp-dropfirst,True,20,0.1,0.44559,1.17967,0.93404,0.70157
s-F2F-3,Mordred,totallyrandom,mass,train,mean,chemprop,none,none,exp-dropfirst,True,10,0.001,0.85751,0.57702,0.42238,0.92602
s-F2F-3,Mordred,totallyrandom,mass,valid,mean,chemprop,none,none,exp-dropfirst,True,10,0.001,0.79371,0.6928,0.48847,0.89244
s-F2F-3,Mordred,totallyrandom,molar,train,mean,chemprop,none,none,exp-dropfirst,True,10,0.001,0.87659,0.57743,0.42265,0.93626
s-F2F-3,Mordred,totallyrandom,molar,valid,mean,chemprop,none,none,exp-dropfirst,True,10,0.001,0.82263,0.69069,0.48618,0.90809
s-F2F-3,Mordred,occurrence,mass,train,mean,chemprop,none,none,exp-dropfirst,True,22,0.25119,0.56342,1.02773,0.80057,0.75058
s-F2F-3,Mordred,occurrence,mass,valid,mean,chemprop,none,none,exp-dropfirst,True,22,0.25119,0.38455,1.17475,0.93442,0.6452
s-F2F-3,Mordred,occurrence,molar,train,mean,chemprop,none,none,exp-dropfirst,True,22,0.25119,0.61291,1.03981,0.81453,0.78287
s-F2F-3,Mordred,occurrence,molar,valid,mean,chemprop,none,none,exp-dropfirst,True,22,0.25119,0.46053,1.17822,0.94313,0.69886
s-F2F-3,none,totallyrandom,mass,train,mean,chemprop,none,none,exp-dropfirst,True,0,1e-05,0.42161,1.16257,0.92001,0.64928
s-F2F-3,none,totallyrandom,mass,valid,mean,chemprop,none,none,exp-dropfirst,True,0,1e-05,0.41515,1.16754,0.92372,0.64531
s-F2F-3,none,totallyrandom,molar,train,mean,chemprop,none,none,exp-dropfirst,True,0,1e-05,0.49899,1.16345,0.91855,0.70637
s-F2F-3,none,totallyrandom,molar,valid,mean,chemprop,none,none,exp-dropfirst,True,0,1e-05,0.49312,1.16854,0.92233,0.7031
s-F2F-3,none,occurrence,molar,train,mean,chemprop,none,none,exp-dropfirst,True,7,0.00025,0.50329,1.17785,0.9258,0.7094
s-F2F-3,none,occurrence,molar,valid,mean,chemprop,none,none,exp-dropfirst,True,7,0.00025,0.42641,1.22127,0.9661,0.68166
s-F2F-3,none,occurrence,mass,train,mean,chemprop,none,none,exp-dropfirst,True,8,0.0004,0.42843,1.17616,0.92621,0.65451
s-F2F-3,none,occurrence,mass,valid,mean,chemprop,none,none,exp-dropfirst,True,8,0.0004,0.34261,1.21857,0.96595,0.62088
s-C2C,MACCS,totallyrandom,molar,train,mean,chemprop,none,none,exp-dropfirst,True,11,0.00158,0.73601,0.96254,0.699,0.85791
s-C2C,MACCS,totallyrandom,molar,valid,mean,chemprop,none,none,exp-dropfirst,True,11,0.00158,0.70926,1.00805,0.73085,0.8425
s-C2C,MACCS,totallyrandom,mass,train,mean,chemprop,none,none,exp-dropfirst,True,11,0.00158,0.70272,0.9593,0.69581,0.83828
s-C2C,MACCS,totallyrandom,mass,valid,mean,chemprop,none,none,exp-dropfirst,True,11,0.00158,0.67253,1.00456,0.72716,0.82048
s-C2C,MACCS,occurrence,mass,train,mean,chemprop,none,none,exp-dropfirst,True,16,0.01585,0.66935,0.99929,0.7285,0.81813
s-C2C,MACCS,occurrence,mass,valid,mean,chemprop,none,none,exp-dropfirst,True,16,0.01585,0.53019,1.17983,0.87857,0.73432
s-C2C,MACCS,occurrence,molar,train,mean,chemprop,none,none,exp-dropfirst,True,16,0.01585,0.70699,1.00259,0.73142,0.84082
s-C2C,MACCS,occurrence,molar,valid,mean,chemprop,none,none,exp-dropfirst,True,16,0.01585,0.58425,1.18104,0.88033,0.76924
s-C2C,pcp,totallyrandom,molar,train,mean,chemprop,none,none,exp-dropfirst,True,8,0.0004,0.82279,0.7886,0.5533,0.90707
s-C2C,pcp,totallyrandom,molar,valid,mean,chemprop,none,none,exp-dropfirst,True,8,0.0004,0.75658,0.92253,0.64257,0.87116
s-C2C,pcp,totallyrandom,mass,train,mean,chemprop,none,none,exp-dropfirst,True,8,0.0004,0.79973,0.78734,0.55168,0.89427
s-C2C,pcp,totallyrandom,mass,valid,mean,chemprop,none,none,exp-dropfirst,True,8,0.0004,0.72546,0.91997,0.6408,0.8535
s-C2C,pcp,occurrence,mass,train,mean,chemprop,none,none,exp-dropfirst,True,12,0.00251,0.7796,0.81554,0.57442,0.88293
s-C2C,pcp,occurrence,mass,valid,mean,chemprop,none,none,exp-dropfirst,True,12,0.00251,0.53487,1.17552,0.8601,0.74492
s-C2C,pcp,occurrence,molar,train,mean,chemprop,none,none,exp-dropfirst,True,11,0.00158,0.81696,0.79214,0.55354,0.90385
s-C2C,pcp,occurrence,molar,valid,mean,chemprop,none,none,exp-dropfirst,True,11,0.00158,0.58751,1.17577,0.8684,0.77921
s-C2C,Morgan,totallyrandom,mass,train,mean,chemprop,none,none,exp-dropfirst,True,11,0.00158,0.78354,0.81854,0.57769,0.88517
s-C2C,Morgan,totallyrandom,mass,valid,mean,chemprop,none,none,exp-dropfirst,True,11,0.00158,0.72179,0.9249,0.64668,0.85074
s-C2C,Morgan,totallyrandom,molar,train,mean,chemprop,none,none,exp-dropfirst,True,9,0.00063,0.82295,0.78823,0.55223,0.90716
s-C2C,Morgan,totallyrandom,molar,valid,mean,chemprop,none,none,exp-dropfirst,True,9,0.00063,0.75207,0.92927,0.64419,0.86873
s-C2C,Morgan,occurrence,molar,train,mean,chemprop,none,none,exp-dropfirst,True,13,0.00398,0.80356,0.82065,0.58199,0.8964
s-C2C,Morgan,occurrence,molar,valid,mean,chemprop,none,none,exp-dropfirst,True,13,0.00398,0.6278,1.11597,0.82931,0.80092
s-C2C,Morgan,occurrence,mass,train,mean,chemprop,none,none,exp-dropfirst,True,13,0.00398,0.77781,0.8189,0.58023,0.88192
s-C2C,Morgan,occurrence,mass,valid,mean,chemprop,none,none,exp-dropfirst,True,13,0.00398,0.58591,1.10617,0.8253,0.77514
s-C2C,ToxPrint,totallyrandom,molar,train,mean,chemprop,none,none,exp-dropfirst,True,8,0.0004,0.76237,0.91321,0.66116,0.87313
s-C2C,ToxPrint,totallyrandom,molar,valid,mean,chemprop,none,none,exp-dropfirst,True,8,0.0004,0.72806,0.97464,0.70417,0.85403
s-C2C,ToxPrint,totallyrandom,mass,train,mean,chemprop,none,none,exp-dropfirst,True,8,0.0004,0.73156,0.91159,0.66078,0.8553
s-C2C,ToxPrint,totallyrandom,mass,valid,mean,chemprop,none,none,exp-dropfirst,True,8,0.0004,0.69288,0.97266,0.70358,0.83331
s-C2C,ToxPrint,occurrence,molar,train,mean,chemprop,none,none,exp-dropfirst,True,15,0.01,0.7218,0.97686,0.70713,0.84958
s-C2C,ToxPrint,occurrence,molar,valid,mean,chemprop,none,none,exp-dropfirst,True,15,0.01,0.62138,1.12687,0.84273,0.79144
s-C2C,ToxPrint,occurrence,mass,train,mean,chemprop,none,none,exp-dropfirst,True,15,0.01,0.68568,0.97424,0.70479,0.82805
s-C2C,ToxPrint,occurrence,mass,valid,mean,chemprop,none,none,exp-dropfirst,True,15,0.01,0.57472,1.12219,0.83906,0.76162
s-C2C,mol2vec,totallyrandom,molar,train,mean,chemprop,none,none,exp-dropfirst,True,11,0.00158,0.78782,0.86293,0.62661,0.88759
s-C2C,mol2vec,totallyrandom,molar,valid,mean,chemprop,none,none,exp-dropfirst,True,11,0.00158,0.72505,0.97901,0.69957,0.85395
s-C2C,mol2vec,totallyrandom,mass,train,mean,chemprop,none,none,exp-dropfirst,True,11,0.00158,0.7601,0.86175,0.62517,0.87183
s-C2C,mol2vec,totallyrandom,mass,valid,mean,chemprop,none,none,exp-dropfirst,True,11,0.00158,0.69416,0.97013,0.69443,0.83581
s-C2C,mol2vec,occurrence,molar,train,mean,chemprop,none,none,exp-dropfirst,True,19,0.0631,0.65334,1.09005,0.81949,0.80823
s-C2C,mol2vec,occurrence,molar,valid,mean,chemprop,none,none,exp-dropfirst,True,19,0.0631,0.55999,1.20934,0.9251,0.75688
s-C2C,mol2vec,occurrence,mass,train,mean,chemprop,none,none,exp-dropfirst,True,19,0.0631,0.60484,1.09203,0.82207,0.77763
s-C2C,mol2vec,occurrence,mass,valid,mean,chemprop,none,none,exp-dropfirst,True,19,0.0631,0.50665,1.20369,0.91927,0.72164
s-C2C,Mordred,totallyrandom,molar,train,mean,chemprop,none,none,exp-dropfirst,True,6,0.00016,0.83669,0.75707,0.53017,0.91471
s-C2C,Mordred,totallyrandom,molar,valid,mean,chemprop,none,none,exp-dropfirst,True,6,0.00016,0.76619,0.90443,0.62352,0.87735
s-C2C,Mordred,totallyrandom,mass,train,mean,chemprop,none,none,exp-dropfirst,True,6,0.00016,0.81505,0.75667,0.53059,0.9028
s-C2C,Mordred,totallyrandom,mass,valid,mean,chemprop,none,none,exp-dropfirst,True,6,0.00016,0.73529,0.90371,0.62214,0.86009
s-C2C,Mordred,occurrence,mass,train,mean,chemprop,none,none,exp-dropfirst,True,19,0.0631,0.64387,1.03693,0.7718,0.80239
s-C2C,Mordred,occurrence,mass,valid,mean,chemprop,none,none,exp-dropfirst,True,19,0.0631,0.49316,1.22245,0.91469,0.70927
s-C2C,Mordred,occurrence,molar,train,mean,chemprop,none,none,exp-dropfirst,True,19,0.0631,0.68667,1.03661,0.77294,0.82864
s-C2C,Mordred,occurrence,molar,valid,mean,chemprop,none,none,exp-dropfirst,True,19,0.0631,0.56095,1.21112,0.90493,0.75357
s-C2C,none,totallyrandom,molar,train,mean,chemprop,none,none,exp-dropfirst,True,0,1e-05,0.41161,1.43701,1.10927,0.64155
s-C2C,none,totallyrandom,molar,valid,mean,chemprop,none,none,exp-dropfirst,True,0,1e-05,0.40484,1.44233,1.11257,0.63953
s-C2C,none,totallyrandom,mass,train,mean,chemprop,none,none,exp-dropfirst,True,0,1e-05,0.33881,1.43067,1.10674,0.58205
s-C2C,none,totallyrandom,mass,valid,mean,chemprop,none,none,exp-dropfirst,True,0,1e-05,0.33097,1.43603,1.11003,0.57929
s-C2C,none,occurrence,mass,train,mean,chemprop,none,none,exp-dropfirst,True,15,0.01,0.33343,1.41847,1.09046,0.57708
s-C2C,none,occurrence,mass,valid,mean,chemprop,none,none,exp-dropfirst,True,15,0.01,0.28683,1.45021,1.11542,0.55078
s-C2C,none,occurrence,molar,train,mean,chemprop,none,none,exp-dropfirst,True,16,0.01585,0.40663,1.42629,1.09423,0.6374
s-C2C,none,occurrence,molar,valid,mean,chemprop,none,none,exp-dropfirst,True,16,0.01585,0.36286,1.4576,1.11884,0.6152
s-A2A,MACCS,totallyrandom,molar,train,mean,chemprop,none,none,exp-dropfirst,True,18,0.03981,0.7469,0.68292,0.54772,0.86421
s-A2A,MACCS,totallyrandom,molar,valid,mean,chemprop,none,none,exp-dropfirst,True,18,0.03981,0.58721,0.83383,0.66682,0.79616
s-A2A,MACCS,totallyrandom,mass,train,mean,chemprop,none,none,exp-dropfirst,True,18,0.03981,0.74352,0.67555,0.54268,0.86224
s-A2A,MACCS,totallyrandom,mass,valid,mean,chemprop,none,none,exp-dropfirst,True,18,0.03981,0.56063,0.8453,0.66725,0.77953
s-A2A,MACCS,occurrence,molar,train,mean,chemprop,none,none,exp-dropfirst,True,18,0.03981,0.7654,0.6149,0.48041,0.87466
s-A2A,MACCS,occurrence,molar,valid,mean,chemprop,none,none,exp-dropfirst,True,18,0.03981,0.49635,0.84625,0.66416,0.71355
s-A2A,MACCS,occurrence,mass,train,mean,chemprop,none,none,exp-dropfirst,True,19,0.0631,0.69906,0.69056,0.55732,0.83584
s-A2A,MACCS,occurrence,mass,valid,mean,chemprop,none,none,exp-dropfirst,True,19,0.0631,0.51377,0.82609,0.68797,0.73467
s-A2A,pcp,totallyrandom,mass,train,mean,chemprop,none,none,exp-dropfirst,True,20,0.1,0.56927,0.87508,0.69726,0.75429
s-A2A,pcp,totallyrandom,mass,valid,mean,chemprop,none,none,exp-dropfirst,True,20,0.1,0.39789,0.99314,0.80374,0.6732
s-A2A,pcp,totallyrandom,molar,train,mean,chemprop,none,none,exp-dropfirst,True,18,0.03981,0.73971,0.69123,0.54024,0.85995
s-A2A,pcp,totallyrandom,molar,valid,mean,chemprop,none,none,exp-dropfirst,True,18,0.03981,0.42276,0.99004,0.79571,0.70983
s-A2A,pcp,occurrence,molar,train,mean,chemprop,none,none,exp-dropfirst,True,16,0.01585,0.87881,0.43671,0.31304,0.93726
s-A2A,pcp,occurrence,molar,valid,mean,chemprop,none,none,exp-dropfirst,True,16,0.01585,0.20988,1.02652,0.7729,0.59282
s-A2A,pcp,occurrence,mass,train,mean,chemprop,none,none,exp-dropfirst,True,16,0.01585,0.88198,0.42863,0.3039,0.93901
s-A2A,pcp,occurrence,mass,valid,mean,chemprop,none,none,exp-dropfirst,True,16,0.01585,0.24013,1.00274,0.74502,0.6042
s-A2A,Morgan,totallyrandom,mass,train,mean,chemprop,none,none,exp-dropfirst,True,18,0.03981,0.73004,0.69344,0.52538,0.85439
s-A2A,Morgan,totallyrandom,mass,valid,mean,chemprop,none,none,exp-dropfirst,True,18,0.03981,0.47641,0.91805,0.69138,0.75028
s-A2A,Morgan,totallyrandom,molar,train,mean,chemprop,none,none,exp-dropfirst,True,18,0.03981,0.74216,0.68947,0.52326,0.86144
s-A2A,Morgan,totallyrandom,molar,valid,mean,chemprop,none,none,exp-dropfirst,True,18,0.03981,0.4851,0.93003,0.70496,0.75617
s-A2A,Morgan,occurrence,mass,train,mean,chemprop,none,none,exp-dropfirst,True,17,0.02512,0.81601,0.53742,0.39758,0.90312
s-A2A,Morgan,occurrence,mass,valid,mean,chemprop,none,none,exp-dropfirst,True,17,0.02512,0.30684,0.96527,0.71728,0.65919
s-A2A,Morgan,occurrence,molar,train,mean,chemprop,none,none,exp-dropfirst,True,18,0.03981,0.75487,0.62899,0.46031,0.86863
s-A2A,Morgan,occurrence,molar,valid,mean,chemprop,none,none,exp-dropfirst,True,18,0.03981,0.31869,0.97228,0.7297,0.63154
s-A2A,ToxPrint,totallyrandom,molar,train,mean,chemprop,none,none,exp-dropfirst,True,15,0.01,0.8368,0.5477,0.39239,0.91463
s-A2A,ToxPrint,totallyrandom,molar,valid,mean,chemprop,none,none,exp-dropfirst,True,15,0.01,0.45006,0.96491,0.74144,0.73006
s-A2A,ToxPrint,totallyrandom,mass,train,mean,chemprop,none,none,exp-dropfirst,True,14,0.00631,0.86098,0.49727,0.33986,0.92781
s-A2A,ToxPrint,totallyrandom,mass,valid,mean,chemprop,none,none,exp-dropfirst,True,14,0.00631,0.41824,0.96687,0.72327,0.72876
s-A2A,ToxPrint,occurrence,mass,train,mean,chemprop,none,none,exp-dropfirst,True,19,0.0631,0.6184,0.77565,0.57849,0.78543
s-A2A,ToxPrint,occurrence,mass,valid,mean,chemprop,none,none,exp-dropfirst,True,19,0.0631,0.29668,0.98226,0.74094,0.56768
s-A2A,ToxPrint,occurrence,molar,train,mean,chemprop,none,none,exp-dropfirst,True,19,0.0631,0.61533,0.78818,0.59783,0.78376
s-A2A,ToxPrint,occurrence,molar,valid,mean,chemprop,none,none,exp-dropfirst,True,19,0.0631,0.21574,1.0311,0.77843,0.49214
s-A2A,mol2vec,totallyrandom,molar,train,mean,chemprop,none,none,exp-dropfirst,True,21,0.15849,0.5926,0.86583,0.66235,0.76939
s-A2A,mol2vec,totallyrandom,molar,valid,mean,chemprop,none,none,exp-dropfirst,True,21,0.15849,0.36155,1.0366,0.79029,0.65365
s-A2A,mol2vec,totallyrandom,mass,train,mean,chemprop,none,none,exp-dropfirst,True,20,0.1,0.706,0.72214,0.54882,0.83994
s-A2A,mol2vec,totallyrandom,mass,valid,mean,chemprop,none,none,exp-dropfirst,True,20,0.1,0.27599,1.06525,0.80027,0.65538
s-A2A,mol2vec,occurrence,mass,train,mean,chemprop,none,none,exp-dropfirst,True,19,0.0631,0.75331,0.623,0.47234,0.86758
s-A2A,mol2vec,occurrence,mass,valid,mean,chemprop,none,none,exp-dropfirst,True,19,0.0631,0.0642,1.15424,0.93058,0.52718
s-A2A,mol2vec,occurrence,molar,train,mean,chemprop,none,none,exp-dropfirst,True,20,0.1,0.69287,0.70408,0.52907,0.83201
s-A2A,mol2vec,occurrence,molar,valid,mean,chemprop,none,none,exp-dropfirst,True,20,0.1,0.07758,1.15518,0.90804,0.53623
s-A2A,Mordred,totallyrandom,mass,train,mean,chemprop,none,none,exp-dropfirst,True,20,0.1,0.75165,0.66459,0.50746,0.86691
s-A2A,Mordred,totallyrandom,mass,valid,mean,chemprop,none,none,exp-dropfirst,True,20,0.1,0.28205,1.07754,0.80131,0.65469
s-A2A,Mordred,totallyrandom,molar,train,mean,chemprop,none,none,exp-dropfirst,True,19,0.0631,0.81745,0.57923,0.43737,0.90402
s-A2A,Mordred,totallyrandom,molar,valid,mean,chemprop,none,none,exp-dropfirst,True,19,0.0631,0.27295,1.10424,0.81924,0.6666
s-A2A,Mordred,occurrence,mass,train,mean,chemprop,none,none,exp-dropfirst,True,21,0.15849,0.65538,0.73381,0.55448,0.80808
s-A2A,Mordred,occurrence,mass,valid,mean,chemprop,none,none,exp-dropfirst,True,21,0.15849,0.29339,0.98899,0.76455,0.59753
s-A2A,Mordred,occurrence,molar,train,mean,chemprop,none,none,exp-dropfirst,True,21,0.15849,0.64217,0.75657,0.57031,0.79995
s-A2A,Mordred,occurrence,molar,valid,mean,chemprop,none,none,exp-dropfirst,True,21,0.15849,0.27825,0.99965,0.77096,0.58223
s-A2A,none,totallyrandom,mass,train,mean,chemprop,none,none,exp-dropfirst,True,21,0.15849,0.18604,1.20416,0.94503,0.4302
s-A2A,none,totallyrandom,mass,valid,mean,chemprop,none,none,exp-dropfirst,True,21,0.15849,0.16411,1.17896,0.93124,0.43504
s-A2A,none,totallyrandom,molar,train,mean,chemprop,none,none,exp-dropfirst,True,20,0.1,0.2265,1.19448,0.94104,0.47501
s-A2A,none,totallyrandom,molar,valid,mean,chemprop,none,none,exp-dropfirst,True,20,0.1,0.19731,1.17799,0.93365,0.47223
s-A2A,none,occurrence,molar,train,mean,chemprop,none,none,exp-dropfirst,True,20,0.1,0.22218,1.12558,0.87646,0.46958
s-A2A,none,occurrence,molar,valid,mean,chemprop,none,none,exp-dropfirst,True,20,0.1,0.0636,1.16319,0.93952,0.36949
s-A2A,none,occurrence,mass,train,mean,chemprop,none,none,exp-dropfirst,True,0,1e-05,0.27162,1.07851,0.83357,0.52021
s-A2A,none,occurrence,mass,valid,mean,chemprop,none,none,exp-dropfirst,True,0,1e-05,0.04733,1.16267,0.92859,0.35295
