challenge,chem_fp,groupsplit,conctype,set,fold,chem_prop,tax_pdm,tax_prop,exp,best_hp,idx_hp,n_estimators,max_depth,max_features,max_samples,min_samples_leaf,min_samples_split,r2,rmse,mae,pearson
s-F2F-1,MACCS,totallyrandom,molar,train,mean,chemprop,none,none,exp-dropfirst,True,102,150,100,sqrt,1.0,1,5,0.93869,0.39435,0.26808,0.96936
s-F2F-1,MACCS,totallyrandom,molar,valid,mean,chemprop,none,none,exp-dropfirst,True,102,150,100,sqrt,1.0,1,5,0.87299,0.5669,0.37565,0.93459
s-F2F-1,MACCS,totallyrandom,mass,train,mean,chemprop,none,none,exp-dropfirst,True,97,100,100,sqrt,1.0,1,2,0.94716,0.34035,0.2211,0.97358
s-F2F-1,MACCS,totallyrandom,mass,valid,mean,chemprop,none,none,exp-dropfirst,True,97,100,100,sqrt,1.0,1,2,0.85363,0.56571,0.36711,0.9241
s-F2F-1,MACCS,occurrence,molar,train,mean,chemprop,none,none,exp-dropfirst,True,25,100,50,sqrt,1.0,1,2,0.95571,0.33687,0.21689,0.97774
s-F2F-1,MACCS,occurrence,molar,valid,mean,chemprop,none,none,exp-dropfirst,True,25,100,50,sqrt,1.0,1,2,0.613,0.97506,0.74473,0.79793
s-F2F-1,MACCS,occurrence,mass,train,mean,chemprop,none,none,exp-dropfirst,True,73,100,100,sqrt,0.25,1,2,0.89727,0.47792,0.32525,0.9487
s-F2F-1,MACCS,occurrence,mass,valid,mean,chemprop,none,none,exp-dropfirst,True,73,100,100,sqrt,0.25,1,2,0.56304,0.96613,0.73826,0.76946
s-F2F-1,pcp,totallyrandom,mass,train,mean,chemprop,none,none,exp-dropfirst,True,103,300,100,sqrt,1.0,1,5,0.92893,0.39472,0.26756,0.96441
s-F2F-1,pcp,totallyrandom,mass,valid,mean,chemprop,none,none,exp-dropfirst,True,103,300,100,sqrt,1.0,1,5,0.85326,0.56653,0.37336,0.92396
s-F2F-1,pcp,totallyrandom,molar,train,mean,chemprop,none,none,exp-dropfirst,True,171,300,200,sqrt,1.0,1,2,0.95477,0.3387,0.21941,0.97738
s-F2F-1,pcp,totallyrandom,molar,valid,mean,chemprop,none,none,exp-dropfirst,True,171,300,200,sqrt,1.0,1,2,0.87282,0.56729,0.36463,0.93437
s-F2F-1,pcp,occurrence,molar,train,mean,chemprop,none,none,exp-dropfirst,True,12,50,50,sqrt,0.5,1,2,0.938,0.39881,0.26704,0.96895
s-F2F-1,pcp,occurrence,molar,valid,mean,chemprop,none,none,exp-dropfirst,True,12,50,50,sqrt,0.5,1,2,0.61363,0.97619,0.75363,0.79914
s-F2F-1,pcp,occurrence,mass,train,mean,chemprop,none,none,exp-dropfirst,True,1,100,50,sqrt,0.25,1,2,0.89576,0.4814,0.32757,0.94783
s-F2F-1,pcp,occurrence,mass,valid,mean,chemprop,none,none,exp-dropfirst,True,1,100,50,sqrt,0.25,1,2,0.54724,0.98084,0.76116,0.75989
s-F2F-1,Morgan,totallyrandom,mass,train,mean,chemprop,none,none,exp-dropfirst,True,99,300,100,sqrt,1.0,1,2,0.94753,0.33914,0.22065,0.97379
s-F2F-1,Morgan,totallyrandom,mass,valid,mean,chemprop,none,none,exp-dropfirst,True,99,300,100,sqrt,1.0,1,2,0.8525,0.56793,0.36661,0.92349
s-F2F-1,Morgan,totallyrandom,molar,train,mean,chemprop,none,none,exp-dropfirst,True,99,300,100,sqrt,1.0,1,2,0.95463,0.33922,0.22059,0.97734
s-F2F-1,Morgan,totallyrandom,molar,valid,mean,chemprop,none,none,exp-dropfirst,True,99,300,100,sqrt,1.0,1,2,0.87278,0.56732,0.36708,0.93437
s-F2F-1,Morgan,occurrence,molar,train,mean,chemprop,none,none,exp-dropfirst,True,100,50,100,sqrt,1.0,1,5,0.94123,0.38825,0.25961,0.97044
s-F2F-1,Morgan,occurrence,molar,valid,mean,chemprop,none,none,exp-dropfirst,True,100,50,100,sqrt,1.0,1,5,0.5988,0.99378,0.76303,0.79422
s-F2F-1,Morgan,occurrence,mass,train,mean,chemprop,none,none,exp-dropfirst,True,171,300,200,sqrt,1.0,1,2,0.94909,0.33621,0.21601,0.97441
s-F2F-1,Morgan,occurrence,mass,valid,mean,chemprop,none,none,exp-dropfirst,True,171,300,200,sqrt,1.0,1,2,0.54317,0.98739,0.75858,0.76157
s-F2F-1,ToxPrint,totallyrandom,mass,train,mean,chemprop,none,none,exp-dropfirst,True,171,300,200,sqrt,1.0,1,2,0.94778,0.33835,0.22014,0.97392
s-F2F-1,ToxPrint,totallyrandom,mass,valid,mean,chemprop,none,none,exp-dropfirst,True,171,300,200,sqrt,1.0,1,2,0.85516,0.56272,0.36533,0.92496
s-F2F-1,ToxPrint,totallyrandom,molar,train,mean,chemprop,none,none,exp-dropfirst,True,99,300,100,sqrt,1.0,1,2,0.95489,0.33825,0.21984,0.97747
s-F2F-1,ToxPrint,totallyrandom,molar,valid,mean,chemprop,none,none,exp-dropfirst,True,99,300,100,sqrt,1.0,1,2,0.87475,0.56288,0.36543,0.93544
s-F2F-1,ToxPrint,occurrence,mass,train,mean,chemprop,none,none,exp-dropfirst,True,86,150,100,sqrt,0.5,1,2,0.93058,0.39277,0.26378,0.96534
s-F2F-1,ToxPrint,occurrence,mass,valid,mean,chemprop,none,none,exp-dropfirst,True,86,150,100,sqrt,0.5,1,2,0.53255,0.9907,0.75945,0.74922
s-F2F-1,ToxPrint,occurrence,molar,train,mean,chemprop,none,none,exp-dropfirst,True,25,100,50,sqrt,1.0,1,2,0.95567,0.33708,0.21675,0.97773
s-F2F-1,ToxPrint,occurrence,molar,valid,mean,chemprop,none,none,exp-dropfirst,True,25,100,50,sqrt,1.0,1,2,0.58887,0.99734,0.76399,0.78615
s-F2F-1,mol2vec,totallyrandom,mass,train,mean,chemprop,none,none,exp-dropfirst,True,103,300,100,sqrt,1.0,1,5,0.93356,0.38163,0.25639,0.96664
s-F2F-1,mol2vec,totallyrandom,mass,valid,mean,chemprop,none,none,exp-dropfirst,True,103,300,100,sqrt,1.0,1,5,0.84982,0.5728,0.37255,0.922
s-F2F-1,mol2vec,totallyrandom,molar,train,mean,chemprop,none,none,exp-dropfirst,True,31,300,50,sqrt,1.0,1,5,0.94273,0.38112,0.25661,0.97127
s-F2F-1,mol2vec,totallyrandom,molar,valid,mean,chemprop,none,none,exp-dropfirst,True,31,300,50,sqrt,1.0,1,5,0.86997,0.57334,0.37275,0.93285
s-F2F-1,mol2vec,occurrence,mass,train,mean,chemprop,none,none,exp-dropfirst,True,98,150,100,sqrt,1.0,1,2,0.94845,0.33832,0.2169,0.97406
s-F2F-1,mol2vec,occurrence,mass,valid,mean,chemprop,none,none,exp-dropfirst,True,98,150,100,sqrt,1.0,1,2,0.51216,1.01882,0.78179,0.74453
s-F2F-1,mol2vec,occurrence,molar,train,mean,chemprop,none,none,exp-dropfirst,True,144,50,200,sqrt,0.25,1,2,0.90609,0.49099,0.33077,0.95276
s-F2F-1,mol2vec,occurrence,molar,valid,mean,chemprop,none,none,exp-dropfirst,True,144,50,200,sqrt,0.25,1,2,0.5828,1.0178,0.77923,0.7842
s-F2F-1,Mordred,totallyrandom,mass,train,mean,chemprop,none,none,exp-dropfirst,True,173,100,200,sqrt,1.0,1,5,0.93281,0.38379,0.25861,0.96619
s-F2F-1,Mordred,totallyrandom,mass,valid,mean,chemprop,none,none,exp-dropfirst,True,173,100,200,sqrt,1.0,1,5,0.85019,0.57232,0.37439,0.92222
s-F2F-1,Mordred,totallyrandom,molar,train,mean,chemprop,none,none,exp-dropfirst,True,30,150,50,sqrt,1.0,1,5,0.94204,0.38342,0.25833,0.97086
s-F2F-1,Mordred,totallyrandom,molar,valid,mean,chemprop,none,none,exp-dropfirst,True,30,150,50,sqrt,1.0,1,5,0.87058,0.57224,0.37473,0.93318
s-F2F-1,Mordred,occurrence,molar,train,mean,chemprop,none,none,exp-dropfirst,True,25,100,50,sqrt,1.0,1,2,0.95514,0.33903,0.21811,0.97743
s-F2F-1,Mordred,occurrence,molar,valid,mean,chemprop,none,none,exp-dropfirst,True,25,100,50,sqrt,1.0,1,2,0.60204,0.9909,0.75931,0.7938
s-F2F-1,Mordred,occurrence,mass,train,mean,chemprop,none,none,exp-dropfirst,True,27,300,50,sqrt,1.0,1,2,0.94878,0.33726,0.21671,0.97421
s-F2F-1,Mordred,occurrence,mass,valid,mean,chemprop,none,none,exp-dropfirst,True,27,300,50,sqrt,1.0,1,2,0.54386,0.98529,0.76093,0.75725
s-F2F-1,none,totallyrandom,mass,train,mean,chemprop,none,none,exp-dropfirst,True,99,300,100,sqrt,1.0,1,2,0.94358,0.35169,0.23573,0.97212
s-F2F-1,none,totallyrandom,mass,valid,mean,chemprop,none,none,exp-dropfirst,True,99,300,100,sqrt,1.0,1,2,0.82336,0.62106,0.41372,0.90779
s-F2F-1,none,totallyrandom,molar,train,mean,chemprop,none,none,exp-dropfirst,True,27,300,50,sqrt,1.0,1,2,0.95153,0.35062,0.23455,0.976
s-F2F-1,none,totallyrandom,molar,valid,mean,chemprop,none,none,exp-dropfirst,True,27,300,50,sqrt,1.0,1,2,0.84856,0.61853,0.41174,0.92147
s-F2F-1,none,occurrence,molar,train,mean,chemprop,none,none,exp-dropfirst,True,146,150,200,sqrt,0.25,1,2,0.88992,0.53157,0.36621,0.945
s-F2F-1,none,occurrence,molar,valid,mean,chemprop,none,none,exp-dropfirst,True,146,150,200,sqrt,0.25,1,2,0.54178,1.06064,0.82765,0.74719
s-F2F-1,none,occurrence,mass,train,mean,chemprop,none,none,exp-dropfirst,True,180,50,200,1,0.25,1,2,0.84366,0.5896,0.41101,0.92205
s-F2F-1,none,occurrence,mass,valid,mean,chemprop,none,none,exp-dropfirst,True,180,50,200,1,0.25,1,2,0.47862,1.05275,0.81903,0.69874
s-F2F-2,MACCS,totallyrandom,mass,train,mean,chemprop,none,none,exp-dropfirst,True,169,100,200,sqrt,1.0,1,2,0.97789,0.22039,0.13131,0.98915
s-F2F-2,MACCS,totallyrandom,mass,valid,mean,chemprop,none,none,exp-dropfirst,True,169,100,200,sqrt,1.0,1,2,0.91822,0.42311,0.24535,0.95855
s-F2F-2,MACCS,totallyrandom,molar,train,mean,chemprop,none,none,exp-dropfirst,True,99,300,100,sqrt,1.0,1,2,0.98204,0.21907,0.13089,0.99119
s-F2F-2,MACCS,totallyrandom,molar,valid,mean,chemprop,none,none,exp-dropfirst,True,99,300,100,sqrt,1.0,1,2,0.93138,0.42734,0.24634,0.96533
s-F2F-2,MACCS,occurrence,mass,train,mean,chemprop,none,none,exp-dropfirst,True,27,300,50,sqrt,1.0,1,2,0.97895,0.20851,0.12309,0.98962
s-F2F-2,MACCS,occurrence,mass,valid,mean,chemprop,none,none,exp-dropfirst,True,27,300,50,sqrt,1.0,1,2,0.57931,0.91648,0.67321,0.78179
s-F2F-2,MACCS,occurrence,molar,train,mean,chemprop,none,none,exp-dropfirst,True,26,150,50,sqrt,1.0,1,2,0.98212,0.21107,0.12475,0.99118
s-F2F-2,MACCS,occurrence,molar,valid,mean,chemprop,none,none,exp-dropfirst,True,26,150,50,sqrt,1.0,1,2,0.652,0.9159,0.67101,0.82713
s-F2F-2,pcp,totallyrandom,mass,train,mean,chemprop,none,none,exp-dropfirst,True,99,300,100,sqrt,1.0,1,2,0.97849,0.21737,0.12932,0.98943
s-F2F-2,pcp,totallyrandom,mass,valid,mean,chemprop,none,none,exp-dropfirst,True,99,300,100,sqrt,1.0,1,2,0.91937,0.42044,0.24323,0.95909
s-F2F-2,pcp,totallyrandom,molar,train,mean,chemprop,none,none,exp-dropfirst,True,169,100,200,sqrt,1.0,1,2,0.98204,0.21908,0.13082,0.99115
s-F2F-2,pcp,totallyrandom,molar,valid,mean,chemprop,none,none,exp-dropfirst,True,169,100,200,sqrt,1.0,1,2,0.93295,0.42283,0.24497,0.96607
s-F2F-2,pcp,occurrence,molar,train,mean,chemprop,none,none,exp-dropfirst,True,98,150,100,sqrt,1.0,1,2,0.98272,0.20751,0.12255,0.99144
s-F2F-2,pcp,occurrence,molar,valid,mean,chemprop,none,none,exp-dropfirst,True,98,150,100,sqrt,1.0,1,2,0.63129,0.93224,0.67953,0.81248
s-F2F-2,pcp,occurrence,mass,train,mean,chemprop,none,none,exp-dropfirst,True,25,100,50,sqrt,1.0,1,2,0.97921,0.20711,0.12272,0.98971
s-F2F-2,pcp,occurrence,mass,valid,mean,chemprop,none,none,exp-dropfirst,True,25,100,50,sqrt,1.0,1,2,0.56521,0.91648,0.66662,0.77076
s-F2F-2,Morgan,totallyrandom,molar,train,mean,chemprop,none,none,exp-dropfirst,True,171,300,200,sqrt,1.0,1,2,0.982,0.21928,0.13121,0.99116
s-F2F-2,Morgan,totallyrandom,molar,valid,mean,chemprop,none,none,exp-dropfirst,True,171,300,200,sqrt,1.0,1,2,0.93176,0.42625,0.24666,0.96548
s-F2F-2,Morgan,totallyrandom,mass,train,mean,chemprop,none,none,exp-dropfirst,True,26,150,50,sqrt,1.0,1,2,0.97806,0.2195,0.13128,0.98925
s-F2F-2,Morgan,totallyrandom,mass,valid,mean,chemprop,none,none,exp-dropfirst,True,26,150,50,sqrt,1.0,1,2,0.91773,0.42434,0.24719,0.95826
s-F2F-2,Morgan,occurrence,mass,train,mean,chemprop,none,none,exp-dropfirst,True,14,150,50,sqrt,0.5,1,2,0.96119,0.2831,0.17028,0.98105
s-F2F-2,Morgan,occurrence,mass,valid,mean,chemprop,none,none,exp-dropfirst,True,14,150,50,sqrt,0.5,1,2,0.56377,0.92717,0.65479,0.77635
s-F2F-2,Morgan,occurrence,molar,train,mean,chemprop,none,none,exp-dropfirst,True,28,50,50,sqrt,1.0,1,5,0.97346,0.25725,0.15857,0.98698
s-F2F-2,Morgan,occurrence,molar,valid,mean,chemprop,none,none,exp-dropfirst,True,28,50,50,sqrt,1.0,1,5,0.63574,0.9332,0.67304,0.82113
s-F2F-2,ToxPrint,totallyrandom,mass,train,mean,chemprop,none,none,exp-dropfirst,True,99,300,100,sqrt,1.0,1,2,0.97866,0.21649,0.12951,0.98953
s-F2F-2,ToxPrint,totallyrandom,mass,valid,mean,chemprop,none,none,exp-dropfirst,True,99,300,100,sqrt,1.0,1,2,0.91908,0.42095,0.24656,0.95898
s-F2F-2,ToxPrint,totallyrandom,molar,train,mean,chemprop,none,none,exp-dropfirst,True,27,300,50,sqrt,1.0,1,2,0.98241,0.21682,0.12964,0.99135
s-F2F-2,ToxPrint,totallyrandom,molar,valid,mean,chemprop,none,none,exp-dropfirst,True,27,300,50,sqrt,1.0,1,2,0.93322,0.42154,0.24684,0.96628
s-F2F-2,ToxPrint,occurrence,mass,train,mean,chemprop,none,none,exp-dropfirst,True,27,300,50,sqrt,1.0,1,2,0.97935,0.20652,0.12242,0.9898
s-F2F-2,ToxPrint,occurrence,mass,valid,mean,chemprop,none,none,exp-dropfirst,True,27,300,50,sqrt,1.0,1,2,0.57965,0.90297,0.64562,0.7788
s-F2F-2,ToxPrint,occurrence,molar,train,mean,chemprop,none,none,exp-dropfirst,True,98,150,100,sqrt,1.0,1,2,0.98273,0.20752,0.12306,0.99146
s-F2F-2,ToxPrint,occurrence,molar,valid,mean,chemprop,none,none,exp-dropfirst,True,98,150,100,sqrt,1.0,1,2,0.64539,0.91451,0.66067,0.82075
s-F2F-2,mol2vec,totallyrandom,mass,train,mean,chemprop,none,none,exp-dropfirst,True,101,100,100,sqrt,1.0,1,5,0.97001,0.25668,0.15823,0.98525
s-F2F-2,mol2vec,totallyrandom,mass,valid,mean,chemprop,none,none,exp-dropfirst,True,101,100,100,sqrt,1.0,1,5,0.90966,0.44467,0.25941,0.95409
s-F2F-2,mol2vec,totallyrandom,molar,train,mean,chemprop,none,none,exp-dropfirst,True,103,300,100,sqrt,1.0,1,5,0.9754,0.25638,0.15734,0.98789
s-F2F-2,mol2vec,totallyrandom,molar,valid,mean,chemprop,none,none,exp-dropfirst,True,103,300,100,sqrt,1.0,1,5,0.92508,0.44637,0.26017,0.96206
s-F2F-2,mol2vec,occurrence,mass,train,mean,chemprop,none,none,exp-dropfirst,True,101,100,100,sqrt,1.0,1,5,0.97227,0.23932,0.14371,0.9863
s-F2F-2,mol2vec,occurrence,mass,valid,mean,chemprop,none,none,exp-dropfirst,True,101,100,100,sqrt,1.0,1,5,0.55921,0.93287,0.65419,0.766
s-F2F-2,mol2vec,occurrence,molar,train,mean,chemprop,none,none,exp-dropfirst,True,99,300,100,sqrt,1.0,1,2,0.98183,0.21274,0.12498,0.99103
s-F2F-2,mol2vec,occurrence,molar,valid,mean,chemprop,none,none,exp-dropfirst,True,99,300,100,sqrt,1.0,1,2,0.62746,0.94023,0.66846,0.81031
s-F2F-2,Mordred,totallyrandom,molar,train,mean,chemprop,none,none,exp-dropfirst,True,103,300,100,sqrt,1.0,1,5,0.97443,0.26138,0.1603,0.98736
s-F2F-2,Mordred,totallyrandom,molar,valid,mean,chemprop,none,none,exp-dropfirst,True,103,300,100,sqrt,1.0,1,5,0.92392,0.45001,0.26204,0.96142
s-F2F-2,Mordred,totallyrandom,mass,train,mean,chemprop,none,none,exp-dropfirst,True,30,150,50,sqrt,1.0,1,5,0.96891,0.26134,0.15993,0.98466
s-F2F-2,Mordred,totallyrandom,mass,valid,mean,chemprop,none,none,exp-dropfirst,True,30,150,50,sqrt,1.0,1,5,0.90898,0.44649,0.26044,0.95372
s-F2F-2,Mordred,occurrence,mass,train,mean,chemprop,none,none,exp-dropfirst,True,173,100,200,sqrt,1.0,1,5,0.97098,0.24473,0.14639,0.98562
s-F2F-2,Mordred,occurrence,mass,valid,mean,chemprop,none,none,exp-dropfirst,True,173,100,200,sqrt,1.0,1,5,0.5847,0.91183,0.66934,0.78252
s-F2F-2,Mordred,occurrence,molar,train,mean,chemprop,none,none,exp-dropfirst,True,12,50,50,sqrt,0.5,1,2,0.96378,0.3006,0.17816,0.98207
s-F2F-2,Mordred,occurrence,molar,valid,mean,chemprop,none,none,exp-dropfirst,True,12,50,50,sqrt,0.5,1,2,0.6532,0.91333,0.66873,0.82121
s-F2F-2,none,totallyrandom,mass,train,mean,chemprop,none,none,exp-dropfirst,True,98,150,100,sqrt,1.0,1,2,0.9754,0.23245,0.14782,0.98809
s-F2F-2,none,totallyrandom,mass,valid,mean,chemprop,none,none,exp-dropfirst,True,98,150,100,sqrt,1.0,1,2,0.89857,0.47146,0.29251,0.94847
s-F2F-2,none,totallyrandom,molar,train,mean,chemprop,none,none,exp-dropfirst,True,171,300,200,sqrt,1.0,1,2,0.98004,0.23093,0.14674,0.9903
s-F2F-2,none,totallyrandom,molar,valid,mean,chemprop,none,none,exp-dropfirst,True,171,300,200,sqrt,1.0,1,2,0.91643,0.47192,0.29205,0.9577
s-F2F-2,none,occurrence,mass,train,mean,chemprop,none,none,exp-dropfirst,True,30,150,50,sqrt,1.0,1,5,0.96669,0.26228,0.16535,0.98387
s-F2F-2,none,occurrence,mass,valid,mean,chemprop,none,none,exp-dropfirst,True,30,150,50,sqrt,1.0,1,5,0.50339,0.98719,0.72669,0.73251
s-F2F-2,none,occurrence,molar,train,mean,chemprop,none,none,exp-dropfirst,True,84,50,100,sqrt,0.5,1,2,0.96085,0.31243,0.1979,0.98092
s-F2F-2,none,occurrence,molar,valid,mean,chemprop,none,none,exp-dropfirst,True,84,50,100,sqrt,0.5,1,2,0.58161,0.99585,0.7341,0.77991
s-F2F-3,MACCS,totallyrandom,mass,train,mean,chemprop,none,none,exp-dropfirst,True,97,100,100,sqrt,1.0,1,2,0.9556,0.32209,0.2134,0.97793
s-F2F-3,MACCS,totallyrandom,mass,valid,mean,chemprop,none,none,exp-dropfirst,True,97,100,100,sqrt,1.0,1,2,0.87811,0.5323,0.35709,0.93748
s-F2F-3,MACCS,totallyrandom,molar,train,mean,chemprop,none,none,exp-dropfirst,True,171,300,200,sqrt,1.0,1,2,0.96175,0.32144,0.21321,0.981
s-F2F-3,MACCS,totallyrandom,molar,valid,mean,chemprop,none,none,exp-dropfirst,True,171,300,200,sqrt,1.0,1,2,0.89368,0.53477,0.35909,0.94573
s-F2F-3,MACCS,occurrence,molar,train,mean,chemprop,none,none,exp-dropfirst,True,28,50,50,sqrt,1.0,1,5,0.95299,0.36156,0.24852,0.97653
s-F2F-3,MACCS,occurrence,molar,valid,mean,chemprop,none,none,exp-dropfirst,True,28,50,50,sqrt,1.0,1,5,0.61289,1.00216,0.77861,0.79992
s-F2F-3,MACCS,occurrence,mass,train,mean,chemprop,none,none,exp-dropfirst,True,98,150,100,sqrt,1.0,1,2,0.95833,0.31668,0.20858,0.97915
s-F2F-3,MACCS,occurrence,mass,valid,mean,chemprop,none,none,exp-dropfirst,True,98,150,100,sqrt,1.0,1,2,0.55647,0.99723,0.77248,0.76551
s-F2F-3,pcp,totallyrandom,molar,train,mean,chemprop,none,none,exp-dropfirst,True,170,150,200,sqrt,1.0,1,2,0.96157,0.32223,0.21307,0.98086
s-F2F-3,pcp,totallyrandom,molar,valid,mean,chemprop,none,none,exp-dropfirst,True,170,150,200,sqrt,1.0,1,2,0.89333,0.5358,0.35761,0.94546
s-F2F-3,pcp,totallyrandom,mass,train,mean,chemprop,none,none,exp-dropfirst,True,25,100,50,sqrt,1.0,1,2,0.9553,0.3232,0.21361,0.97771
s-F2F-3,pcp,totallyrandom,mass,valid,mean,chemprop,none,none,exp-dropfirst,True,25,100,50,sqrt,1.0,1,2,0.8768,0.53562,0.35908,0.93671
s-F2F-3,pcp,occurrence,mass,train,mean,chemprop,none,none,exp-dropfirst,True,26,150,50,sqrt,1.0,1,2,0.95853,0.31596,0.20763,0.97922
s-F2F-3,pcp,occurrence,mass,valid,mean,chemprop,none,none,exp-dropfirst,True,26,150,50,sqrt,1.0,1,2,0.52182,1.03495,0.81916,0.75099
s-F2F-3,pcp,occurrence,molar,train,mean,chemprop,none,none,exp-dropfirst,True,96,50,100,sqrt,1.0,1,2,0.96352,0.31836,0.20913,0.9817
s-F2F-3,pcp,occurrence,molar,valid,mean,chemprop,none,none,exp-dropfirst,True,96,50,100,sqrt,1.0,1,2,0.5763,1.04359,0.81483,0.78236
s-F2F-3,Morgan,totallyrandom,mass,train,mean,chemprop,none,none,exp-dropfirst,True,170,150,200,sqrt,1.0,1,2,0.95557,0.32221,0.21371,0.97791
s-F2F-3,Morgan,totallyrandom,mass,valid,mean,chemprop,none,none,exp-dropfirst,True,170,150,200,sqrt,1.0,1,2,0.8755,0.53841,0.35969,0.93601
s-F2F-3,Morgan,totallyrandom,molar,train,mean,chemprop,none,none,exp-dropfirst,True,27,300,50,sqrt,1.0,1,2,0.96161,0.32205,0.21363,0.98094
s-F2F-3,Morgan,totallyrandom,molar,valid,mean,chemprop,none,none,exp-dropfirst,True,27,300,50,sqrt,1.0,1,2,0.89273,0.53727,0.35873,0.94518
s-F2F-3,Morgan,occurrence,mass,train,mean,chemprop,none,none,exp-dropfirst,True,84,50,100,sqrt,0.5,1,2,0.93948,0.38201,0.26126,0.96999
s-F2F-3,Morgan,occurrence,mass,valid,mean,chemprop,none,none,exp-dropfirst,True,84,50,100,sqrt,0.5,1,2,0.55197,0.99968,0.78346,0.75977
s-F2F-3,Morgan,occurrence,molar,train,mean,chemprop,none,none,exp-dropfirst,True,160,50,200,sqrt,0.5,1,5,0.93399,0.42866,0.29766,0.96729
s-F2F-3,Morgan,occurrence,molar,valid,mean,chemprop,none,none,exp-dropfirst,True,160,50,200,sqrt,0.5,1,5,0.58766,1.02716,0.80906,0.78525
s-F2F-3,ToxPrint,totallyrandom,molar,train,mean,chemprop,none,none,exp-dropfirst,True,171,300,200,sqrt,1.0,1,2,0.96183,0.32111,0.21315,0.98103
s-F2F-3,ToxPrint,totallyrandom,molar,valid,mean,chemprop,none,none,exp-dropfirst,True,171,300,200,sqrt,1.0,1,2,0.89282,0.53715,0.36012,0.94522
s-F2F-3,ToxPrint,totallyrandom,mass,train,mean,chemprop,none,none,exp-dropfirst,True,27,300,50,sqrt,1.0,1,2,0.95587,0.32112,0.21316,0.97809
s-F2F-3,ToxPrint,totallyrandom,mass,valid,mean,chemprop,none,none,exp-dropfirst,True,27,300,50,sqrt,1.0,1,2,0.87623,0.53693,0.35991,0.93647
s-F2F-3,ToxPrint,occurrence,mass,train,mean,chemprop,none,none,exp-dropfirst,True,170,150,200,sqrt,1.0,1,2,0.95823,0.31707,0.20929,0.9791
s-F2F-3,ToxPrint,occurrence,mass,valid,mean,chemprop,none,none,exp-dropfirst,True,170,150,200,sqrt,1.0,1,2,0.54611,1.00824,0.78334,0.75962
s-F2F-3,ToxPrint,occurrence,molar,train,mean,chemprop,none,none,exp-dropfirst,True,156,50,200,sqrt,0.5,1,2,0.9477,0.38152,0.26092,0.97408
s-F2F-3,ToxPrint,occurrence,molar,valid,mean,chemprop,none,none,exp-dropfirst,True,156,50,200,sqrt,0.5,1,2,0.59373,1.01871,0.79309,0.78671
s-F2F-3,mol2vec,totallyrandom,mass,train,mean,chemprop,none,none,exp-dropfirst,True,99,300,100,sqrt,1.0,1,2,0.95484,0.32486,0.21549,0.97756
s-F2F-3,mol2vec,totallyrandom,mass,valid,mean,chemprop,none,none,exp-dropfirst,True,99,300,100,sqrt,1.0,1,2,0.86761,0.55499,0.3668,0.93179
s-F2F-3,mol2vec,totallyrandom,molar,train,mean,chemprop,none,none,exp-dropfirst,True,98,150,100,sqrt,1.0,1,2,0.96056,0.32641,0.21641,0.9804
s-F2F-3,mol2vec,totallyrandom,molar,valid,mean,chemprop,none,none,exp-dropfirst,True,98,150,100,sqrt,1.0,1,2,0.88588,0.55429,0.36742,0.94151
s-F2F-3,mol2vec,occurrence,mass,train,mean,chemprop,none,none,exp-dropfirst,True,34,150,50,sqrt,1.0,1,10,0.94012,0.38005,0.26438,0.97001
s-F2F-3,mol2vec,occurrence,mass,valid,mean,chemprop,none,none,exp-dropfirst,True,34,150,50,sqrt,1.0,1,10,0.52271,1.03894,0.78945,0.75169
s-F2F-3,mol2vec,occurrence,molar,train,mean,chemprop,none,none,exp-dropfirst,True,25,100,50,sqrt,1.0,1,2,0.96319,0.3198,0.21059,0.98159
s-F2F-3,mol2vec,occurrence,molar,valid,mean,chemprop,none,none,exp-dropfirst,True,25,100,50,sqrt,1.0,1,2,0.5869,1.03586,0.79266,0.7872
s-F2F-3,Mordred,totallyrandom,mass,train,mean,chemprop,none,none,exp-dropfirst,True,97,100,100,sqrt,1.0,1,2,0.95407,0.3276,0.21673,0.97711
s-F2F-3,Mordred,totallyrandom,mass,valid,mean,chemprop,none,none,exp-dropfirst,True,97,100,100,sqrt,1.0,1,2,0.86999,0.55028,0.36412,0.93306
s-F2F-3,Mordred,totallyrandom,molar,train,mean,chemprop,none,none,exp-dropfirst,True,170,150,200,sqrt,1.0,1,2,0.96047,0.32679,0.21644,0.9803
s-F2F-3,Mordred,totallyrandom,molar,valid,mean,chemprop,none,none,exp-dropfirst,True,170,150,200,sqrt,1.0,1,2,0.88651,0.55275,0.36582,0.94185
s-F2F-3,Mordred,occurrence,mass,train,mean,chemprop,none,none,exp-dropfirst,True,14,150,50,sqrt,0.5,1,2,0.9394,0.38222,0.2612,0.96998
s-F2F-3,Mordred,occurrence,mass,valid,mean,chemprop,none,none,exp-dropfirst,True,14,150,50,sqrt,0.5,1,2,0.53465,1.02483,0.80337,0.7526
s-F2F-3,Mordred,occurrence,molar,train,mean,chemprop,none,none,exp-dropfirst,True,168,50,200,sqrt,1.0,1,2,0.96256,0.32256,0.21176,0.98123
s-F2F-3,Mordred,occurrence,molar,valid,mean,chemprop,none,none,exp-dropfirst,True,168,50,200,sqrt,1.0,1,2,0.59951,1.02141,0.79962,0.79119
s-F2F-3,none,totallyrandom,mass,train,mean,chemprop,none,none,exp-dropfirst,True,98,150,100,sqrt,1.0,1,2,0.95102,0.33831,0.23271,0.97602
s-F2F-3,none,totallyrandom,mass,valid,mean,chemprop,none,none,exp-dropfirst,True,98,150,100,sqrt,1.0,1,2,0.84427,0.60206,0.41003,0.91956
s-F2F-3,none,totallyrandom,molar,train,mean,chemprop,none,none,exp-dropfirst,True,27,300,50,sqrt,1.0,1,2,0.95812,0.33637,0.23134,0.97944
s-F2F-3,none,totallyrandom,molar,valid,mean,chemprop,none,none,exp-dropfirst,True,27,300,50,sqrt,1.0,1,2,0.86633,0.5998,0.40936,0.93133
s-F2F-3,none,occurrence,molar,train,mean,chemprop,none,none,exp-dropfirst,True,179,300,200,sqrt,1.0,1,10,0.9333,0.43105,0.30478,0.96741
s-F2F-3,none,occurrence,molar,valid,mean,chemprop,none,none,exp-dropfirst,True,179,300,200,sqrt,1.0,1,10,0.54905,1.07875,0.83784,0.75756
s-F2F-3,none,occurrence,mass,train,mean,chemprop,none,none,exp-dropfirst,True,157,100,200,sqrt,0.5,1,2,0.92738,0.41864,0.29116,0.96452
s-F2F-3,none,occurrence,mass,valid,mean,chemprop,none,none,exp-dropfirst,True,157,100,200,sqrt,0.5,1,2,0.48367,1.07712,0.83319,0.7117
s-C2C,MACCS,totallyrandom,molar,train,mean,chemprop,none,none,exp-dropfirst,True,171,300,200,sqrt,1.0,1,2,0.94801,0.42709,0.25602,0.97416
s-C2C,MACCS,totallyrandom,molar,valid,mean,chemprop,none,none,exp-dropfirst,True,171,300,200,sqrt,1.0,1,2,0.83586,0.75725,0.47601,0.91452
s-C2C,MACCS,totallyrandom,mass,train,mean,chemprop,none,none,exp-dropfirst,True,170,150,200,sqrt,1.0,1,2,0.9409,0.42766,0.25639,0.97064
s-C2C,MACCS,totallyrandom,mass,valid,mean,chemprop,none,none,exp-dropfirst,True,170,150,200,sqrt,1.0,1,2,0.81488,0.75518,0.47619,0.903
s-C2C,MACCS,occurrence,mass,train,mean,chemprop,none,none,exp-dropfirst,True,97,100,100,sqrt,1.0,1,2,0.9359,0.43944,0.25665,0.96778
s-C2C,MACCS,occurrence,mass,valid,mean,chemprop,none,none,exp-dropfirst,True,97,100,100,sqrt,1.0,1,2,0.64086,1.02931,0.73936,0.81171
s-C2C,MACCS,occurrence,molar,train,mean,chemprop,none,none,exp-dropfirst,True,169,100,200,sqrt,1.0,1,2,0.94337,0.44023,0.25742,0.97157
s-C2C,MACCS,occurrence,molar,valid,mean,chemprop,none,none,exp-dropfirst,True,169,100,200,sqrt,1.0,1,2,0.67812,1.03631,0.74747,0.83441
s-C2C,pcp,totallyrandom,molar,train,mean,chemprop,none,none,exp-dropfirst,True,24,50,50,sqrt,1.0,1,2,0.94675,0.43225,0.25889,0.97345
s-C2C,pcp,totallyrandom,molar,valid,mean,chemprop,none,none,exp-dropfirst,True,24,50,50,sqrt,1.0,1,2,0.83513,0.75862,0.47549,0.91414
s-C2C,pcp,totallyrandom,mass,train,mean,chemprop,none,none,exp-dropfirst,True,98,150,100,sqrt,1.0,1,2,0.94087,0.42779,0.25543,0.9706
s-C2C,pcp,totallyrandom,mass,valid,mean,chemprop,none,none,exp-dropfirst,True,98,150,100,sqrt,1.0,1,2,0.8138,0.75688,0.47387,0.90238
s-C2C,pcp,occurrence,mass,train,mean,chemprop,none,none,exp-dropfirst,True,85,100,100,sqrt,0.5,1,2,0.90897,0.52396,0.33175,0.95444
s-C2C,pcp,occurrence,mass,valid,mean,chemprop,none,none,exp-dropfirst,True,85,100,100,sqrt,0.5,1,2,0.63118,1.04172,0.75345,0.80707
s-C2C,pcp,occurrence,molar,train,mean,chemprop,none,none,exp-dropfirst,True,30,150,50,sqrt,1.0,1,5,0.92219,0.51623,0.32508,0.96088
s-C2C,pcp,occurrence,molar,valid,mean,chemprop,none,none,exp-dropfirst,True,30,150,50,sqrt,1.0,1,5,0.66916,1.04916,0.75583,0.8297
s-C2C,Morgan,totallyrandom,mass,train,mean,chemprop,none,none,exp-dropfirst,True,169,100,200,sqrt,1.0,1,2,0.94038,0.42951,0.25859,0.97039
s-C2C,Morgan,totallyrandom,mass,valid,mean,chemprop,none,none,exp-dropfirst,True,169,100,200,sqrt,1.0,1,2,0.81415,0.75662,0.47853,0.90254
s-C2C,Morgan,totallyrandom,molar,train,mean,chemprop,none,none,exp-dropfirst,True,25,100,50,sqrt,1.0,1,2,0.94756,0.42891,0.25805,0.97393
s-C2C,Morgan,totallyrandom,molar,valid,mean,chemprop,none,none,exp-dropfirst,True,25,100,50,sqrt,1.0,1,2,0.83591,0.75721,0.47804,0.91454
s-C2C,Morgan,occurrence,molar,train,mean,chemprop,none,none,exp-dropfirst,True,27,300,50,sqrt,1.0,1,2,0.94388,0.43826,0.25773,0.97187
s-C2C,Morgan,occurrence,molar,valid,mean,chemprop,none,none,exp-dropfirst,True,27,300,50,sqrt,1.0,1,2,0.68149,1.03004,0.75454,0.83907
s-C2C,Morgan,occurrence,mass,train,mean,chemprop,none,none,exp-dropfirst,True,28,50,50,sqrt,1.0,1,5,0.91169,0.51605,0.32446,0.9556
s-C2C,Morgan,occurrence,mass,valid,mean,chemprop,none,none,exp-dropfirst,True,28,50,50,sqrt,1.0,1,5,0.64767,1.01731,0.74701,0.81556
s-C2C,ToxPrint,totallyrandom,molar,train,mean,chemprop,none,none,exp-dropfirst,True,171,300,200,sqrt,1.0,1,2,0.94821,0.42627,0.25626,0.9743
s-C2C,ToxPrint,totallyrandom,molar,valid,mean,chemprop,none,none,exp-dropfirst,True,171,300,200,sqrt,1.0,1,2,0.83634,0.75618,0.47856,0.91474
s-C2C,ToxPrint,totallyrandom,mass,train,mean,chemprop,none,none,exp-dropfirst,True,171,300,200,sqrt,1.0,1,2,0.94138,0.42593,0.25585,0.97092
s-C2C,ToxPrint,totallyrandom,mass,valid,mean,chemprop,none,none,exp-dropfirst,True,171,300,200,sqrt,1.0,1,2,0.81615,0.75255,0.47561,0.90364
s-C2C,ToxPrint,occurrence,molar,train,mean,chemprop,none,none,exp-dropfirst,True,158,150,200,sqrt,0.5,1,2,0.92041,0.52217,0.33234,0.96042
s-C2C,ToxPrint,occurrence,molar,valid,mean,chemprop,none,none,exp-dropfirst,True,158,150,200,sqrt,0.5,1,2,0.66194,1.0588,0.76136,0.82342
s-C2C,ToxPrint,occurrence,mass,train,mean,chemprop,none,none,exp-dropfirst,True,86,150,100,sqrt,0.5,1,2,0.90955,0.52234,0.33214,0.95494
s-C2C,ToxPrint,occurrence,mass,valid,mean,chemprop,none,none,exp-dropfirst,True,86,150,100,sqrt,0.5,1,2,0.62274,1.05316,0.75872,0.79869
s-C2C,mol2vec,totallyrandom,molar,train,mean,chemprop,none,none,exp-dropfirst,True,175,300,200,sqrt,1.0,1,5,0.92886,0.49963,0.31579,0.96444
s-C2C,mol2vec,totallyrandom,molar,valid,mean,chemprop,none,none,exp-dropfirst,True,175,300,200,sqrt,1.0,1,5,0.82888,0.77315,0.49995,0.91074
s-C2C,mol2vec,totallyrandom,mass,train,mean,chemprop,none,none,exp-dropfirst,True,31,300,50,sqrt,1.0,1,5,0.91928,0.49984,0.31562,0.95965
s-C2C,mol2vec,totallyrandom,mass,valid,mean,chemprop,none,none,exp-dropfirst,True,31,300,50,sqrt,1.0,1,5,0.80677,0.77162,0.49914,0.89852
s-C2C,mol2vec,occurrence,molar,train,mean,chemprop,none,none,exp-dropfirst,True,168,50,200,sqrt,1.0,1,2,0.94213,0.44506,0.26244,0.97095
s-C2C,mol2vec,occurrence,molar,valid,mean,chemprop,none,none,exp-dropfirst,True,168,50,200,sqrt,1.0,1,2,0.63956,1.09574,0.80082,0.81342
s-C2C,mol2vec,occurrence,mass,train,mean,chemprop,none,none,exp-dropfirst,True,26,150,50,sqrt,1.0,1,2,0.93527,0.44166,0.2601,0.96754
s-C2C,mol2vec,occurrence,mass,valid,mean,chemprop,none,none,exp-dropfirst,True,26,150,50,sqrt,1.0,1,2,0.59505,1.09232,0.79471,0.78757
s-C2C,Mordred,totallyrandom,molar,train,mean,chemprop,none,none,exp-dropfirst,True,30,150,50,sqrt,1.0,1,5,0.92777,0.50342,0.31862,0.96382
s-C2C,Mordred,totallyrandom,molar,valid,mean,chemprop,none,none,exp-dropfirst,True,30,150,50,sqrt,1.0,1,5,0.82927,0.77262,0.49839,0.91094
s-C2C,Mordred,totallyrandom,mass,train,mean,chemprop,none,none,exp-dropfirst,True,175,300,200,sqrt,1.0,1,5,0.9185,0.50224,0.31741,0.9592
s-C2C,Mordred,totallyrandom,mass,valid,mean,chemprop,none,none,exp-dropfirst,True,175,300,200,sqrt,1.0,1,5,0.80689,0.77169,0.49803,0.8986
s-C2C,Mordred,occurrence,mass,train,mean,chemprop,none,none,exp-dropfirst,True,171,300,200,sqrt,1.0,1,2,0.93543,0.44112,0.25956,0.96757
s-C2C,Mordred,occurrence,mass,valid,mean,chemprop,none,none,exp-dropfirst,True,171,300,200,sqrt,1.0,1,2,0.58353,1.10858,0.80667,0.77803
s-C2C,Mordred,occurrence,molar,train,mean,chemprop,none,none,exp-dropfirst,True,97,100,100,sqrt,1.0,1,2,0.94269,0.44292,0.26082,0.97123
s-C2C,Mordred,occurrence,molar,valid,mean,chemprop,none,none,exp-dropfirst,True,97,100,100,sqrt,1.0,1,2,0.62926,1.11252,0.81205,0.80431
s-C2C,none,totallyrandom,molar,train,mean,chemprop,none,none,exp-dropfirst,True,25,100,50,sqrt,1.0,1,2,0.94174,0.45215,0.28628,0.97147
s-C2C,none,totallyrandom,molar,valid,mean,chemprop,none,none,exp-dropfirst,True,25,100,50,sqrt,1.0,1,2,0.78925,0.85862,0.56308,0.88887
s-C2C,none,totallyrandom,mass,train,mean,chemprop,none,none,exp-dropfirst,True,99,300,100,sqrt,1.0,1,2,0.93444,0.45047,0.28635,0.96817
s-C2C,none,totallyrandom,mass,valid,mean,chemprop,none,none,exp-dropfirst,True,99,300,100,sqrt,1.0,1,2,0.7601,0.86009,0.56521,0.87239
s-C2C,none,occurrence,mass,train,mean,chemprop,none,none,exp-dropfirst,True,98,150,100,sqrt,1.0,1,2,0.93121,0.45535,0.27909,0.96592
s-C2C,none,occurrence,mass,valid,mean,chemprop,none,none,exp-dropfirst,True,98,150,100,sqrt,1.0,1,2,0.40014,1.33,0.98332,0.64434
s-C2C,none,occurrence,molar,train,mean,chemprop,none,none,exp-dropfirst,True,9,100,50,sqrt,0.25,1,10,0.79352,0.84135,0.59238,0.89659
s-C2C,none,occurrence,molar,valid,mean,chemprop,none,none,exp-dropfirst,True,9,100,50,sqrt,0.25,1,10,0.46636,1.33437,1.00505,0.69239
s-A2A,MACCS,totallyrandom,molar,train,mean,chemprop,none,none,exp-dropfirst,True,173,100,200,sqrt,1.0,1,5,0.84926,0.52705,0.39072,0.93354
s-A2A,MACCS,totallyrandom,molar,valid,mean,chemprop,none,none,exp-dropfirst,True,173,100,200,sqrt,1.0,1,5,0.56532,0.85813,0.64952,0.78103
s-A2A,MACCS,totallyrandom,mass,train,mean,chemprop,none,none,exp-dropfirst,True,133,100,100,1,1.0,1,2,0.93347,0.34428,0.25334,0.97291
s-A2A,MACCS,totallyrandom,mass,valid,mean,chemprop,none,none,exp-dropfirst,True,133,100,100,1,1.0,1,2,0.54936,0.85386,0.63456,0.77849
s-A2A,MACCS,occurrence,molar,train,mean,chemprop,none,none,exp-dropfirst,True,24,50,50,sqrt,1.0,1,2,0.92839,0.34069,0.24005,0.96829
s-A2A,MACCS,occurrence,molar,valid,mean,chemprop,none,none,exp-dropfirst,True,24,50,50,sqrt,1.0,1,2,0.4971,0.84137,0.66552,0.73745
s-A2A,MACCS,occurrence,mass,train,mean,chemprop,none,none,exp-dropfirst,True,205,100,200,1,1.0,1,2,0.93473,0.3219,0.23159,0.97164
s-A2A,MACCS,occurrence,mass,valid,mean,chemprop,none,none,exp-dropfirst,True,205,100,200,1,1.0,1,2,0.51284,0.82864,0.61888,0.7592
s-A2A,pcp,totallyrandom,mass,train,mean,chemprop,none,none,exp-dropfirst,True,29,100,50,sqrt,1.0,1,5,0.82773,0.55387,0.40798,0.9207
s-A2A,pcp,totallyrandom,mass,valid,mean,chemprop,none,none,exp-dropfirst,True,29,100,50,sqrt,1.0,1,5,0.52024,0.8828,0.67599,0.76424
s-A2A,pcp,totallyrandom,molar,train,mean,chemprop,none,none,exp-dropfirst,True,175,300,200,sqrt,1.0,1,5,0.83316,0.55445,0.41443,0.92382
s-A2A,pcp,totallyrandom,molar,valid,mean,chemprop,none,none,exp-dropfirst,True,175,300,200,sqrt,1.0,1,5,0.52684,0.89311,0.6843,0.77195
s-A2A,pcp,occurrence,molar,train,mean,chemprop,none,none,exp-dropfirst,True,207,300,200,1,1.0,1,2,0.93085,0.33475,0.24433,0.96953
s-A2A,pcp,occurrence,molar,valid,mean,chemprop,none,none,exp-dropfirst,True,207,300,200,1,1.0,1,2,0.46482,0.85683,0.67735,0.71716
s-A2A,pcp,occurrence,mass,train,mean,chemprop,none,none,exp-dropfirst,True,96,50,100,sqrt,1.0,1,2,0.92518,0.3439,0.24473,0.96631
s-A2A,pcp,occurrence,mass,valid,mean,chemprop,none,none,exp-dropfirst,True,96,50,100,sqrt,1.0,1,2,0.49128,0.83557,0.65073,0.72905
s-A2A,Morgan,totallyrandom,mass,train,mean,chemprop,none,none,exp-dropfirst,True,173,100,200,sqrt,1.0,1,5,0.84214,0.52991,0.37526,0.93071
s-A2A,Morgan,totallyrandom,mass,valid,mean,chemprop,none,none,exp-dropfirst,True,173,100,200,sqrt,1.0,1,5,0.57595,0.82847,0.62385,0.80078
s-A2A,Morgan,totallyrandom,molar,train,mean,chemprop,none,none,exp-dropfirst,True,100,50,100,sqrt,1.0,1,5,0.8449,0.53475,0.37784,0.93273
s-A2A,Morgan,totallyrandom,molar,valid,mean,chemprop,none,none,exp-dropfirst,True,100,50,100,sqrt,1.0,1,5,0.57489,0.84654,0.6426,0.79807
s-A2A,Morgan,occurrence,mass,train,mean,chemprop,none,none,exp-dropfirst,True,27,300,50,sqrt,1.0,1,2,0.93125,0.33005,0.23038,0.97128
s-A2A,Morgan,occurrence,mass,valid,mean,chemprop,none,none,exp-dropfirst,True,27,300,50,sqrt,1.0,1,2,0.47601,0.86525,0.65143,0.75674
s-A2A,Morgan,occurrence,molar,train,mean,chemprop,none,none,exp-dropfirst,True,98,150,100,sqrt,1.0,1,2,0.93527,0.32329,0.22932,0.97345
s-A2A,Morgan,occurrence,molar,valid,mean,chemprop,none,none,exp-dropfirst,True,98,150,100,sqrt,1.0,1,2,0.5052,0.85254,0.64211,0.77182
s-A2A,ToxPrint,totallyrandom,molar,train,mean,chemprop,none,none,exp-dropfirst,True,172,50,200,sqrt,1.0,1,5,0.80242,0.60381,0.45597,0.91292
s-A2A,ToxPrint,totallyrandom,molar,valid,mean,chemprop,none,none,exp-dropfirst,True,172,50,200,sqrt,1.0,1,5,0.50536,0.91716,0.72706,0.73642
s-A2A,ToxPrint,totallyrandom,mass,train,mean,chemprop,none,none,exp-dropfirst,True,134,150,100,1,1.0,1,2,0.92172,0.37327,0.28627,0.97066
s-A2A,ToxPrint,totallyrandom,mass,valid,mean,chemprop,none,none,exp-dropfirst,True,134,150,100,1,1.0,1,2,0.49067,0.91286,0.70564,0.7401
s-A2A,ToxPrint,occurrence,mass,train,mean,chemprop,none,none,exp-dropfirst,True,26,150,50,sqrt,1.0,1,2,0.92711,0.33946,0.24499,0.96964
s-A2A,ToxPrint,occurrence,mass,valid,mean,chemprop,none,none,exp-dropfirst,True,26,150,50,sqrt,1.0,1,2,0.40405,0.90692,0.70484,0.68517
s-A2A,ToxPrint,occurrence,molar,train,mean,chemprop,none,none,exp-dropfirst,True,205,100,200,1,1.0,1,2,0.92841,0.34016,0.24916,0.97019
s-A2A,ToxPrint,occurrence,molar,valid,mean,chemprop,none,none,exp-dropfirst,True,205,100,200,1,1.0,1,2,0.42243,0.89951,0.70088,0.69789
s-A2A,mol2vec,totallyrandom,molar,train,mean,chemprop,none,none,exp-dropfirst,True,177,100,200,sqrt,1.0,1,10,0.83139,0.55781,0.41143,0.93095
s-A2A,mol2vec,totallyrandom,molar,valid,mean,chemprop,none,none,exp-dropfirst,True,177,100,200,sqrt,1.0,1,10,0.53198,0.89489,0.68539,0.76919
s-A2A,mol2vec,totallyrandom,mass,train,mean,chemprop,none,none,exp-dropfirst,True,100,50,100,sqrt,1.0,1,5,0.87393,0.47336,0.34071,0.94725
s-A2A,mol2vec,totallyrandom,mass,valid,mean,chemprop,none,none,exp-dropfirst,True,100,50,100,sqrt,1.0,1,5,0.52343,0.8885,0.66667,0.7525
s-A2A,mol2vec,occurrence,mass,train,mean,chemprop,none,none,exp-dropfirst,True,24,50,50,sqrt,1.0,1,2,0.91676,0.36261,0.25781,0.96628
s-A2A,mol2vec,occurrence,mass,valid,mean,chemprop,none,none,exp-dropfirst,True,24,50,50,sqrt,1.0,1,2,0.3601,0.95736,0.7217,0.67732
s-A2A,mol2vec,occurrence,molar,train,mean,chemprop,none,none,exp-dropfirst,True,98,150,100,sqrt,1.0,1,2,0.92525,0.34599,0.24294,0.96941
s-A2A,mol2vec,occurrence,molar,valid,mean,chemprop,none,none,exp-dropfirst,True,98,150,100,sqrt,1.0,1,2,0.38974,0.94235,0.70375,0.67839
s-A2A,Mordred,totallyrandom,mass,train,mean,chemprop,none,none,exp-dropfirst,True,66,150,50,1,1.0,1,5,0.82304,0.56158,0.41391,0.9296
s-A2A,Mordred,totallyrandom,mass,valid,mean,chemprop,none,none,exp-dropfirst,True,66,150,50,1,1.0,1,5,0.52328,0.88602,0.67865,0.76456
s-A2A,Mordred,totallyrandom,molar,train,mean,chemprop,none,none,exp-dropfirst,True,30,150,50,sqrt,1.0,1,5,0.88283,0.46483,0.32994,0.95022
s-A2A,Mordred,totallyrandom,molar,valid,mean,chemprop,none,none,exp-dropfirst,True,30,150,50,sqrt,1.0,1,5,0.53683,0.88917,0.65845,0.76547
s-A2A,Mordred,occurrence,mass,train,mean,chemprop,none,none,exp-dropfirst,True,97,100,100,sqrt,1.0,1,2,0.92939,0.33456,0.23623,0.9711
s-A2A,Mordred,occurrence,mass,valid,mean,chemprop,none,none,exp-dropfirst,True,97,100,100,sqrt,1.0,1,2,0.43347,0.8935,0.67125,0.70394
s-A2A,Mordred,occurrence,molar,train,mean,chemprop,none,none,exp-dropfirst,True,171,300,200,sqrt,1.0,1,2,0.92752,0.34164,0.24167,0.97032
s-A2A,Mordred,occurrence,molar,valid,mean,chemprop,none,none,exp-dropfirst,True,171,300,200,sqrt,1.0,1,2,0.42866,0.90126,0.68968,0.69961
s-A2A,none,totallyrandom,mass,train,mean,chemprop,none,none,exp-dropfirst,True,171,300,200,sqrt,1.0,1,2,0.91729,0.38375,0.29375,0.97091
s-A2A,none,totallyrandom,mass,valid,mean,chemprop,none,none,exp-dropfirst,True,171,300,200,sqrt,1.0,1,2,0.4376,0.95521,0.73459,0.67724
s-A2A,none,totallyrandom,molar,train,mean,chemprop,none,none,exp-dropfirst,True,28,50,50,sqrt,1.0,1,5,0.83023,0.55941,0.4245,0.9326
s-A2A,none,totallyrandom,molar,valid,mean,chemprop,none,none,exp-dropfirst,True,28,50,50,sqrt,1.0,1,5,0.46545,0.95431,0.75334,0.69841
s-A2A,none,occurrence,molar,train,mean,chemprop,none,none,exp-dropfirst,True,169,100,200,sqrt,1.0,1,2,0.92267,0.35393,0.26286,0.96844
s-A2A,none,occurrence,molar,valid,mean,chemprop,none,none,exp-dropfirst,True,169,100,200,sqrt,1.0,1,2,0.32184,0.99469,0.78062,0.63484
s-A2A,none,occurrence,mass,train,mean,chemprop,none,none,exp-dropfirst,True,24,50,50,sqrt,1.0,1,2,0.91759,0.36037,0.26764,0.96754
s-A2A,none,occurrence,mass,valid,mean,chemprop,none,none,exp-dropfirst,True,24,50,50,sqrt,1.0,1,2,0.32345,0.97975,0.77018,0.64644
