challenge,chem_fp,groupsplit,conctype,set,fold,chem_prop,tax_pdm,tax_prop,exp,best_hp,idx_hp,n_estimators,eta,gamma,max_depth,min_child_weight,subsample,r2,rmse,mae,pearson
s-F2F-1,none,totallyrandom,mass,train,mean,chemprop,none,none,exp-dropfirst,True,26,100,0.1,0,9,1,0.5,0.94703,0.34076,0.22704,0.97338
s-F2F-1,none,totallyrandom,mass,valid,mean,chemprop,none,none,exp-dropfirst,True,26,100,0.1,0,9,1,0.5,0.84058,0.59023,0.38377,0.91699
s-F2F-1,none,totallyrandom,molar,train,mean,chemprop,none,none,exp-dropfirst,True,41,50,0.1,0,12,3,1.0,0.95312,0.34482,0.22836,0.97694
s-F2F-1,none,totallyrandom,molar,valid,mean,chemprop,none,none,exp-dropfirst,True,41,50,0.1,0,12,3,1.0,0.86036,0.59431,0.38563,0.92782
s-F2F-1,none,occurrence,molar,train,mean,chemprop,none,none,exp-dropfirst,True,102,100,0.1,10,3,3,0.5,0.78256,0.74718,0.55969,0.88736
s-F2F-1,none,occurrence,molar,valid,mean,chemprop,none,none,exp-dropfirst,True,102,100,0.1,10,3,3,0.5,0.51367,1.09053,0.83104,0.72766
s-F2F-1,none,occurrence,mass,train,mean,chemprop,none,none,exp-dropfirst,True,243,100,0.2,10,3,1,1.0,0.74265,0.75661,0.56893,0.86655
s-F2F-1,none,occurrence,mass,valid,mean,chemprop,none,none,exp-dropfirst,True,243,100,0.2,10,3,1,1.0,0.43836,1.08878,0.84137,0.67607
s-F2F-1,MACCS,totallyrandom,molar,train,mean,chemprop,none,none,exp-dropfirst,True,42,100,0.1,0,12,3,0.5,0.95695,0.33045,0.21175,0.97829
s-F2F-1,MACCS,totallyrandom,molar,valid,mean,chemprop,none,none,exp-dropfirst,True,42,100,0.1,0,12,3,0.5,0.87366,0.56523,0.36645,0.93485
s-F2F-1,MACCS,totallyrandom,mass,train,mean,chemprop,none,none,exp-dropfirst,True,159,100,0.2,0,6,1,1.0,0.94617,0.34352,0.2286,0.97287
s-F2F-1,MACCS,totallyrandom,mass,valid,mean,chemprop,none,none,exp-dropfirst,True,159,100,0.2,0,6,1,1.0,0.85257,0.56746,0.36772,0.92345
s-F2F-1,MACCS,occurrence,molar,train,mean,chemprop,none,none,exp-dropfirst,True,291,100,0.3,0,3,1,1.0,0.9178,0.45922,0.32623,0.95839
s-F2F-1,MACCS,occurrence,molar,valid,mean,chemprop,none,none,exp-dropfirst,True,291,100,0.3,0,3,1,1.0,0.56875,1.0284,0.79427,0.77293
s-F2F-1,MACCS,occurrence,mass,train,mean,chemprop,none,none,exp-dropfirst,True,294,100,0.3,0,3,3,0.5,0.89512,0.48288,0.3425,0.9464
s-F2F-1,MACCS,occurrence,mass,valid,mean,chemprop,none,none,exp-dropfirst,True,294,100,0.3,0,3,3,0.5,0.52763,0.99719,0.75452,0.73836
s-F2F-1,pcp,totallyrandom,mass,train,mean,chemprop,none,none,exp-dropfirst,True,46,100,0.1,0,12,5,0.5,0.94382,0.35093,0.23142,0.97163
s-F2F-1,pcp,totallyrandom,mass,valid,mean,chemprop,none,none,exp-dropfirst,True,46,100,0.1,0,12,5,0.5,0.85505,0.56276,0.36376,0.92484
s-F2F-1,pcp,totallyrandom,molar,train,mean,chemprop,none,none,exp-dropfirst,True,46,100,0.1,0,12,5,0.5,0.94929,0.35862,0.23818,0.97443
s-F2F-1,pcp,totallyrandom,molar,valid,mean,chemprop,none,none,exp-dropfirst,True,46,100,0.1,0,12,5,0.5,0.87363,0.56556,0.36729,0.93483
s-F2F-1,pcp,occurrence,molar,train,mean,chemprop,none,none,exp-dropfirst,True,339,100,0.3,1,3,1,1.0,0.91295,0.47276,0.33825,0.95608
s-F2F-1,pcp,occurrence,molar,valid,mean,chemprop,none,none,exp-dropfirst,True,339,100,0.3,1,3,1,1.0,0.5939,0.99157,0.7649,0.78524
s-F2F-1,pcp,occurrence,mass,train,mean,chemprop,none,none,exp-dropfirst,True,194,100,0.2,1,3,1,0.5,0.88142,0.51333,0.36885,0.93982
s-F2F-1,pcp,occurrence,mass,valid,mean,chemprop,none,none,exp-dropfirst,True,194,100,0.2,1,3,1,0.5,0.54137,0.98698,0.75119,0.74964
s-F2F-1,Morgan,totallyrandom,mass,train,mean,chemprop,none,none,exp-dropfirst,True,42,100,0.1,0,12,3,0.5,0.9417,0.35747,0.24121,0.97063
s-F2F-1,Morgan,totallyrandom,mass,valid,mean,chemprop,none,none,exp-dropfirst,True,42,100,0.1,0,12,3,0.5,0.85291,0.56702,0.36884,0.92365
s-F2F-1,Morgan,totallyrandom,molar,train,mean,chemprop,none,none,exp-dropfirst,True,42,100,0.1,0,12,3,0.5,0.94712,0.3662,0.25073,0.97341
s-F2F-1,Morgan,totallyrandom,molar,valid,mean,chemprop,none,none,exp-dropfirst,True,42,100,0.1,0,12,3,0.5,0.87223,0.56843,0.37212,0.93405
s-F2F-1,Morgan,occurrence,molar,train,mean,chemprop,none,none,exp-dropfirst,True,155,100,0.2,0,3,5,1.0,0.88981,0.53175,0.37788,0.94458
s-F2F-1,Morgan,occurrence,molar,valid,mean,chemprop,none,none,exp-dropfirst,True,155,100,0.2,0,3,5,1.0,0.57779,1.01367,0.76237,0.77171
s-F2F-1,Morgan,occurrence,mass,train,mean,chemprop,none,none,exp-dropfirst,True,151,100,0.2,0,3,3,1.0,0.87599,0.52525,0.37473,0.93787
s-F2F-1,Morgan,occurrence,mass,valid,mean,chemprop,none,none,exp-dropfirst,True,151,100,0.2,0,3,3,1.0,0.5146,1.01132,0.76744,0.72976
s-F2F-1,ToxPrint,totallyrandom,mass,train,mean,chemprop,none,none,exp-dropfirst,True,167,100,0.2,0,6,5,1.0,0.93168,0.38693,0.26505,0.96558
s-F2F-1,ToxPrint,totallyrandom,mass,valid,mean,chemprop,none,none,exp-dropfirst,True,167,100,0.2,0,6,5,1.0,0.85649,0.55995,0.36885,0.92558
s-F2F-1,ToxPrint,totallyrandom,molar,train,mean,chemprop,none,none,exp-dropfirst,True,321,50,0.3,0,9,5,1.0,0.95249,0.3471,0.23024,0.97605
s-F2F-1,ToxPrint,totallyrandom,molar,valid,mean,chemprop,none,none,exp-dropfirst,True,321,50,0.3,0,9,5,1.0,0.87415,0.56399,0.36507,0.93512
s-F2F-1,ToxPrint,occurrence,mass,train,mean,chemprop,none,none,exp-dropfirst,True,82,100,0.1,1,9,5,0.5,0.92,0.42178,0.29423,0.95964
s-F2F-1,ToxPrint,occurrence,mass,valid,mean,chemprop,none,none,exp-dropfirst,True,82,100,0.1,1,9,5,0.5,0.4873,1.02745,0.78384,0.71934
s-F2F-1,ToxPrint,occurrence,molar,train,mean,chemprop,none,none,exp-dropfirst,True,155,100,0.2,0,3,5,1.0,0.88796,0.53626,0.38217,0.94334
s-F2F-1,ToxPrint,occurrence,molar,valid,mean,chemprop,none,none,exp-dropfirst,True,155,100,0.2,0,3,5,1.0,0.57301,1.02004,0.7955,0.76962
s-F2F-1,mol2vec,totallyrandom,mass,train,mean,chemprop,none,none,exp-dropfirst,True,34,100,0.1,0,9,5,0.5,0.94418,0.34979,0.22823,0.97177
s-F2F-1,mol2vec,totallyrandom,mass,valid,mean,chemprop,none,none,exp-dropfirst,True,34,100,0.1,0,9,5,0.5,0.85604,0.56098,0.36146,0.92536
s-F2F-1,mol2vec,totallyrandom,molar,train,mean,chemprop,none,none,exp-dropfirst,True,18,100,0.1,0,6,3,0.5,0.94302,0.38016,0.26235,0.97127
s-F2F-1,mol2vec,totallyrandom,molar,valid,mean,chemprop,none,none,exp-dropfirst,True,18,100,0.1,0,6,3,0.5,0.87339,0.56569,0.37205,0.93461
s-F2F-1,mol2vec,occurrence,mass,train,mean,chemprop,none,none,exp-dropfirst,True,215,100,0.2,1,6,5,1.0,0.92787,0.40038,0.27735,0.96394
s-F2F-1,mol2vec,occurrence,mass,valid,mean,chemprop,none,none,exp-dropfirst,True,215,100,0.2,1,6,5,1.0,0.51302,1.00364,0.78205,0.73137
s-F2F-1,mol2vec,occurrence,molar,train,mean,chemprop,none,none,exp-dropfirst,True,63,100,0.1,1,6,1,1.0,0.93895,0.39583,0.27582,0.96961
s-F2F-1,mol2vec,occurrence,molar,valid,mean,chemprop,none,none,exp-dropfirst,True,63,100,0.1,1,6,1,1.0,0.55695,1.02565,0.80102,0.76084
s-F2F-1,Mordred,totallyrandom,mass,train,mean,chemprop,none,none,exp-dropfirst,True,86,100,0.1,1,12,1,0.5,0.937,0.37162,0.26027,0.96826
s-F2F-1,Mordred,totallyrandom,mass,valid,mean,chemprop,none,none,exp-dropfirst,True,86,100,0.1,1,12,1,0.5,0.85642,0.56015,0.36907,0.92549
s-F2F-1,Mordred,totallyrandom,molar,train,mean,chemprop,none,none,exp-dropfirst,True,46,100,0.1,0,12,5,0.5,0.954,0.34157,0.21921,0.97678
s-F2F-1,Mordred,totallyrandom,molar,valid,mean,chemprop,none,none,exp-dropfirst,True,46,100,0.1,0,12,5,0.5,0.87575,0.56088,0.36125,0.93595
s-F2F-1,Mordred,occurrence,molar,train,mean,chemprop,none,none,exp-dropfirst,True,211,100,0.2,1,6,3,1.0,0.93786,0.39921,0.27885,0.96889
s-F2F-1,Mordred,occurrence,molar,valid,mean,chemprop,none,none,exp-dropfirst,True,211,100,0.2,1,6,3,1.0,0.61209,0.98112,0.76612,0.79438
s-F2F-1,Mordred,occurrence,mass,train,mean,chemprop,none,none,exp-dropfirst,True,14,100,0.1,0,6,1,0.5,0.93793,0.37142,0.25553,0.96865
s-F2F-1,Mordred,occurrence,mass,valid,mean,chemprop,none,none,exp-dropfirst,True,14,100,0.1,0,6,1,0.5,0.54245,0.97974,0.75758,0.74754
s-F2F-2,none,totallyrandom,mass,train,mean,chemprop,none,none,exp-dropfirst,True,179,100,0.2,0,9,5,1.0,0.98228,0.19722,0.12054,0.99115
s-F2F-2,none,totallyrandom,mass,valid,mean,chemprop,none,none,exp-dropfirst,True,179,100,0.2,0,9,5,1.0,0.91069,0.4424,0.25658,0.95446
s-F2F-2,none,totallyrandom,molar,train,mean,chemprop,none,none,exp-dropfirst,True,175,100,0.2,0,9,3,1.0,0.9876,0.182,0.10423,0.99379
s-F2F-2,none,totallyrandom,molar,valid,mean,chemprop,none,none,exp-dropfirst,True,175,100,0.2,0,9,3,1.0,0.92616,0.44337,0.24811,0.96254
s-F2F-2,none,occurrence,mass,train,mean,chemprop,none,none,exp-dropfirst,True,194,100,0.2,1,3,1,0.5,0.88382,0.48961,0.33845,0.94114
s-F2F-2,none,occurrence,mass,valid,mean,chemprop,none,none,exp-dropfirst,True,194,100,0.2,1,3,1,0.5,0.51001,0.97441,0.74549,0.73496
s-F2F-2,none,occurrence,molar,train,mean,chemprop,none,none,exp-dropfirst,True,146,100,0.2,0,3,1,0.5,0.90732,0.48045,0.33198,0.95321
s-F2F-2,none,occurrence,molar,valid,mean,chemprop,none,none,exp-dropfirst,True,146,100,0.2,0,3,1,0.5,0.58845,0.97491,0.74225,0.78079
s-F2F-2,MACCS,totallyrandom,mass,train,mean,chemprop,none,none,exp-dropfirst,True,186,100,0.2,0,12,3,0.5,0.98472,0.18319,0.10477,0.99234
s-F2F-2,MACCS,totallyrandom,mass,valid,mean,chemprop,none,none,exp-dropfirst,True,186,100,0.2,0,12,3,0.5,0.9192,0.42079,0.24106,0.95887
s-F2F-2,MACCS,totallyrandom,molar,train,mean,chemprop,none,none,exp-dropfirst,True,42,100,0.1,0,12,3,0.5,0.98346,0.21016,0.13076,0.99175
s-F2F-2,MACCS,totallyrandom,molar,valid,mean,chemprop,none,none,exp-dropfirst,True,42,100,0.1,0,12,3,0.5,0.93399,0.41899,0.24415,0.96649
s-F2F-2,MACCS,occurrence,mass,train,mean,chemprop,none,none,exp-dropfirst,True,292,50,0.3,0,3,3,0.5,0.8991,0.45648,0.31609,0.94895
s-F2F-2,MACCS,occurrence,mass,valid,mean,chemprop,none,none,exp-dropfirst,True,292,50,0.3,0,3,3,0.5,0.56516,0.92506,0.68805,0.76434
s-F2F-2,MACCS,occurrence,molar,train,mean,chemprop,none,none,exp-dropfirst,True,155,100,0.2,0,3,5,1.0,0.93107,0.41446,0.28168,0.96548
s-F2F-2,MACCS,occurrence,molar,valid,mean,chemprop,none,none,exp-dropfirst,True,155,100,0.2,0,3,5,1.0,0.61286,0.94908,0.68855,0.79795
s-F2F-2,pcp,totallyrandom,mass,train,mean,chemprop,none,none,exp-dropfirst,True,311,100,0.3,0,6,5,1.0,0.97794,0.2201,0.13934,0.98897
s-F2F-2,pcp,totallyrandom,mass,valid,mean,chemprop,none,none,exp-dropfirst,True,311,100,0.3,0,6,5,1.0,0.92338,0.4097,0.24244,0.96097
s-F2F-2,pcp,totallyrandom,molar,train,mean,chemprop,none,none,exp-dropfirst,True,190,100,0.2,0,12,5,0.5,0.98468,0.20233,0.12436,0.99232
s-F2F-2,pcp,totallyrandom,molar,valid,mean,chemprop,none,none,exp-dropfirst,True,190,100,0.2,0,12,5,0.5,0.93448,0.41721,0.24371,0.96672
s-F2F-2,pcp,occurrence,molar,train,mean,chemprop,none,none,exp-dropfirst,True,150,100,0.2,0,3,3,0.5,0.93087,0.4149,0.28505,0.96527
s-F2F-2,pcp,occurrence,molar,valid,mean,chemprop,none,none,exp-dropfirst,True,150,100,0.2,0,3,3,0.5,0.63688,0.91522,0.67125,0.81321
s-F2F-2,pcp,occurrence,mass,train,mean,chemprop,none,none,exp-dropfirst,True,94,100,0.1,1,12,5,0.5,0.95977,0.28841,0.19274,0.98009
s-F2F-2,pcp,occurrence,mass,valid,mean,chemprop,none,none,exp-dropfirst,True,94,100,0.1,1,12,5,0.5,0.54007,0.93914,0.69142,0.75452
s-F2F-2,Morgan,totallyrandom,molar,train,mean,chemprop,none,none,exp-dropfirst,True,191,100,0.2,0,12,5,1.0,0.9872,0.18493,0.10599,0.99359
s-F2F-2,Morgan,totallyrandom,molar,valid,mean,chemprop,none,none,exp-dropfirst,True,191,100,0.2,0,12,5,1.0,0.93169,0.42604,0.23696,0.96534
s-F2F-2,Morgan,totallyrandom,mass,train,mean,chemprop,none,none,exp-dropfirst,True,38,100,0.1,0,12,1,0.5,0.98137,0.20226,0.12901,0.99075
s-F2F-2,Morgan,totallyrandom,mass,valid,mean,chemprop,none,none,exp-dropfirst,True,38,100,0.1,0,12,1,0.5,0.9164,0.42741,0.24558,0.95739
s-F2F-2,Morgan,occurrence,mass,train,mean,chemprop,none,none,exp-dropfirst,True,146,100,0.2,0,3,1,0.5,0.91142,0.42739,0.29506,0.95563
s-F2F-2,Morgan,occurrence,mass,valid,mean,chemprop,none,none,exp-dropfirst,True,146,100,0.2,0,3,1,0.5,0.54028,0.9447,0.68479,0.75814
s-F2F-2,Morgan,occurrence,molar,train,mean,chemprop,none,none,exp-dropfirst,True,208,50,0.2,1,6,3,0.5,0.94719,0.36298,0.24672,0.97365
s-F2F-2,Morgan,occurrence,molar,valid,mean,chemprop,none,none,exp-dropfirst,True,208,50,0.2,1,6,3,0.5,0.61017,0.95486,0.6861,0.79952
s-F2F-2,ToxPrint,totallyrandom,mass,train,mean,chemprop,none,none,exp-dropfirst,True,179,100,0.2,0,9,5,1.0,0.98175,0.20019,0.12108,0.99087
s-F2F-2,ToxPrint,totallyrandom,mass,valid,mean,chemprop,none,none,exp-dropfirst,True,179,100,0.2,0,9,5,1.0,0.91744,0.42527,0.2431,0.95808
s-F2F-2,ToxPrint,totallyrandom,molar,train,mean,chemprop,none,none,exp-dropfirst,True,323,100,0.3,0,9,5,1.0,0.98662,0.18907,0.11062,0.9933
s-F2F-2,ToxPrint,totallyrandom,molar,valid,mean,chemprop,none,none,exp-dropfirst,True,323,100,0.3,0,9,5,1.0,0.93528,0.41498,0.23785,0.96724
s-F2F-2,ToxPrint,occurrence,mass,train,mean,chemprop,none,none,exp-dropfirst,True,340,50,0.3,1,3,3,0.5,0.89072,0.47513,0.3332,0.94468
s-F2F-2,ToxPrint,occurrence,mass,valid,mean,chemprop,none,none,exp-dropfirst,True,340,50,0.3,1,3,3,0.5,0.57221,0.90719,0.66926,0.77413
s-F2F-2,ToxPrint,occurrence,molar,train,mean,chemprop,none,none,exp-dropfirst,True,147,100,0.2,0,3,1,1.0,0.92766,0.42481,0.29449,0.96391
s-F2F-2,ToxPrint,occurrence,molar,valid,mean,chemprop,none,none,exp-dropfirst,True,147,100,0.2,0,3,1,1.0,0.63428,0.92692,0.69166,0.81149
s-F2F-2,mol2vec,totallyrandom,mass,train,mean,chemprop,none,none,exp-dropfirst,True,167,100,0.2,0,6,5,1.0,0.98347,0.19054,0.10796,0.99171
s-F2F-2,mol2vec,totallyrandom,mass,valid,mean,chemprop,none,none,exp-dropfirst,True,167,100,0.2,0,6,5,1.0,0.92262,0.41185,0.2318,0.96061
s-F2F-2,mol2vec,totallyrandom,molar,train,mean,chemprop,none,none,exp-dropfirst,True,46,100,0.1,0,12,5,0.5,0.98351,0.20991,0.12463,0.99175
s-F2F-2,mol2vec,totallyrandom,molar,valid,mean,chemprop,none,none,exp-dropfirst,True,46,100,0.1,0,12,5,0.5,0.93574,0.41363,0.23697,0.9674
s-F2F-2,mol2vec,occurrence,mass,train,mean,chemprop,none,none,exp-dropfirst,True,55,100,0.1,1,3,3,1.0,0.92636,0.38951,0.26947,0.96388
s-F2F-2,mol2vec,occurrence,mass,valid,mean,chemprop,none,none,exp-dropfirst,True,55,100,0.1,1,3,3,1.0,0.55556,0.92958,0.67701,0.76518
s-F2F-2,mol2vec,occurrence,molar,train,mean,chemprop,none,none,exp-dropfirst,True,43,100,0.1,0,12,3,1.0,0.98868,0.16786,0.09168,0.99433
s-F2F-2,mol2vec,occurrence,molar,valid,mean,chemprop,none,none,exp-dropfirst,True,43,100,0.1,0,12,3,1.0,0.62016,0.94186,0.68552,0.79875
s-F2F-2,Mordred,totallyrandom,molar,train,mean,chemprop,none,none,exp-dropfirst,True,167,100,0.2,0,6,5,1.0,0.98371,0.20857,0.12045,0.99184
s-F2F-2,Mordred,totallyrandom,molar,valid,mean,chemprop,none,none,exp-dropfirst,True,167,100,0.2,0,6,5,1.0,0.93238,0.42391,0.2396,0.96573
s-F2F-2,Mordred,totallyrandom,mass,train,mean,chemprop,none,none,exp-dropfirst,True,46,100,0.1,0,12,5,0.5,0.97832,0.21821,0.12817,0.98914
s-F2F-2,Mordred,totallyrandom,mass,valid,mean,chemprop,none,none,exp-dropfirst,True,46,100,0.1,0,12,5,0.5,0.91632,0.42798,0.2395,0.95739
s-F2F-2,Mordred,occurrence,mass,train,mean,chemprop,none,none,exp-dropfirst,True,70,100,0.1,1,6,5,0.5,0.95361,0.30954,0.20648,0.97714
s-F2F-2,Mordred,occurrence,mass,valid,mean,chemprop,none,none,exp-dropfirst,True,70,100,0.1,1,6,5,0.5,0.57734,0.91693,0.66755,0.77334
s-F2F-2,Mordred,occurrence,molar,train,mean,chemprop,none,none,exp-dropfirst,True,42,100,0.1,0,12,3,0.5,0.98397,0.19976,0.11683,0.99197
s-F2F-2,Mordred,occurrence,molar,valid,mean,chemprop,none,none,exp-dropfirst,True,42,100,0.1,0,12,3,0.5,0.65687,0.9045,0.65474,0.81958
s-F2F-3,none,totallyrandom,mass,train,mean,chemprop,none,none,exp-dropfirst,True,26,100,0.1,0,9,1,0.5,0.95694,0.31719,0.21331,0.9784
s-F2F-3,none,totallyrandom,mass,valid,mean,chemprop,none,none,exp-dropfirst,True,26,100,0.1,0,9,1,0.5,0.86409,0.56221,0.37465,0.92979
s-F2F-3,none,totallyrandom,molar,train,mean,chemprop,none,none,exp-dropfirst,True,31,100,0.1,0,9,3,1.0,0.9618,0.32119,0.21507,0.9809
s-F2F-3,none,totallyrandom,molar,valid,mean,chemprop,none,none,exp-dropfirst,True,31,100,0.1,0,9,3,1.0,0.8824,0.56228,0.37435,0.93951
s-F2F-3,none,occurrence,molar,train,mean,chemprop,none,none,exp-dropfirst,True,195,100,0.2,1,3,1,1.0,0.89048,0.55263,0.40434,0.94486
s-F2F-3,none,occurrence,molar,valid,mean,chemprop,none,none,exp-dropfirst,True,195,100,0.2,1,3,1,1.0,0.52729,1.0875,0.83388,0.75017
s-F2F-3,none,occurrence,mass,train,mean,chemprop,none,none,exp-dropfirst,True,147,100,0.2,0,3,1,1.0,0.87788,0.54306,0.39822,0.93855
s-F2F-3,none,occurrence,mass,valid,mean,chemprop,none,none,exp-dropfirst,True,147,100,0.2,0,3,1,1.0,0.4679,1.08021,0.83459,0.70672
s-F2F-3,MACCS,totallyrandom,mass,train,mean,chemprop,none,none,exp-dropfirst,True,30,100,0.1,0,9,3,0.5,0.95524,0.32339,0.2178,0.97747
s-F2F-3,MACCS,totallyrandom,mass,valid,mean,chemprop,none,none,exp-dropfirst,True,30,100,0.1,0,9,3,0.5,0.87934,0.52972,0.35474,0.93795
s-F2F-3,MACCS,totallyrandom,molar,train,mean,chemprop,none,none,exp-dropfirst,True,35,100,0.1,0,9,5,1.0,0.96297,0.31623,0.20945,0.9814
s-F2F-3,MACCS,totallyrandom,molar,valid,mean,chemprop,none,none,exp-dropfirst,True,35,100,0.1,0,9,5,1.0,0.8936,0.53466,0.35723,0.94545
s-F2F-3,MACCS,occurrence,molar,train,mean,chemprop,none,none,exp-dropfirst,True,63,100,0.1,1,6,1,1.0,0.93848,0.41369,0.30242,0.96958
s-F2F-3,MACCS,occurrence,molar,valid,mean,chemprop,none,none,exp-dropfirst,True,63,100,0.1,1,6,1,1.0,0.57028,1.04456,0.8103,0.77584
s-F2F-3,MACCS,occurrence,mass,train,mean,chemprop,none,none,exp-dropfirst,True,74,100,0.1,1,9,1,0.5,0.94266,0.37182,0.26772,0.9713
s-F2F-3,MACCS,occurrence,mass,valid,mean,chemprop,none,none,exp-dropfirst,True,74,100,0.1,1,9,1,0.5,0.52872,1.01728,0.79778,0.7525
s-F2F-3,pcp,totallyrandom,molar,train,mean,chemprop,none,none,exp-dropfirst,True,47,100,0.1,0,12,5,1.0,0.96617,0.30229,0.19317,0.98298
s-F2F-3,pcp,totallyrandom,molar,valid,mean,chemprop,none,none,exp-dropfirst,True,47,100,0.1,0,12,5,1.0,0.89516,0.53089,0.35206,0.94626
s-F2F-3,pcp,totallyrandom,mass,train,mean,chemprop,none,none,exp-dropfirst,True,46,100,0.1,0,12,5,0.5,0.9546,0.32569,0.21896,0.97713
s-F2F-3,pcp,totallyrandom,mass,valid,mean,chemprop,none,none,exp-dropfirst,True,46,100,0.1,0,12,5,0.5,0.88141,0.52512,0.35301,0.93897
s-F2F-3,pcp,occurrence,mass,train,mean,chemprop,none,none,exp-dropfirst,True,76,50,0.1,1,9,3,0.5,0.93136,0.40697,0.29589,0.96609
s-F2F-3,pcp,occurrence,mass,valid,mean,chemprop,none,none,exp-dropfirst,True,76,50,0.1,1,9,3,0.5,0.54054,1.00827,0.79854,0.76197
s-F2F-3,pcp,occurrence,molar,train,mean,chemprop,none,none,exp-dropfirst,True,15,100,0.1,0,6,1,1.0,0.95238,0.36368,0.25823,0.97629
s-F2F-3,pcp,occurrence,molar,valid,mean,chemprop,none,none,exp-dropfirst,True,15,100,0.1,0,6,1,1.0,0.57839,1.0331,0.80237,0.78382
s-F2F-3,Morgan,totallyrandom,mass,train,mean,chemprop,none,none,exp-dropfirst,True,175,100,0.2,0,9,3,1.0,0.95977,0.3066,0.19823,0.97976
s-F2F-3,Morgan,totallyrandom,mass,valid,mean,chemprop,none,none,exp-dropfirst,True,175,100,0.2,0,9,3,1.0,0.87872,0.53071,0.34932,0.9375
s-F2F-3,Morgan,totallyrandom,molar,train,mean,chemprop,none,none,exp-dropfirst,True,191,100,0.2,0,12,5,1.0,0.96665,0.30015,0.19039,0.98321
s-F2F-3,Morgan,totallyrandom,molar,valid,mean,chemprop,none,none,exp-dropfirst,True,191,100,0.2,0,12,5,1.0,0.89392,0.53402,0.34754,0.94562
s-F2F-3,Morgan,occurrence,mass,train,mean,chemprop,none,none,exp-dropfirst,True,144,50,0.2,0,3,1,0.5,0.84793,0.60576,0.45423,0.92376
s-F2F-3,Morgan,occurrence,mass,valid,mean,chemprop,none,none,exp-dropfirst,True,144,50,0.2,0,3,1,0.5,0.51711,1.03478,0.81942,0.73421
s-F2F-3,Morgan,occurrence,molar,train,mean,chemprop,none,none,exp-dropfirst,True,44,50,0.1,0,12,5,0.5,0.94452,0.39294,0.27786,0.97258
s-F2F-3,Morgan,occurrence,molar,valid,mean,chemprop,none,none,exp-dropfirst,True,44,50,0.1,0,12,5,0.5,0.56352,1.04973,0.81952,0.77306
s-F2F-3,ToxPrint,totallyrandom,molar,train,mean,chemprop,none,none,exp-dropfirst,True,175,100,0.2,0,9,3,1.0,0.96668,0.30003,0.18995,0.98323
s-F2F-3,ToxPrint,totallyrandom,molar,valid,mean,chemprop,none,none,exp-dropfirst,True,175,100,0.2,0,9,3,1.0,0.8914,0.54063,0.35354,0.94434
s-F2F-3,ToxPrint,totallyrandom,mass,train,mean,chemprop,none,none,exp-dropfirst,True,26,100,0.1,0,9,1,0.5,0.95164,0.33617,0.23265,0.97581
s-F2F-3,ToxPrint,totallyrandom,mass,valid,mean,chemprop,none,none,exp-dropfirst,True,26,100,0.1,0,9,1,0.5,0.87706,0.53467,0.36112,0.93664
s-F2F-3,ToxPrint,occurrence,mass,train,mean,chemprop,none,none,exp-dropfirst,True,70,100,0.1,1,6,5,0.5,0.9197,0.44018,0.31754,0.95966
s-F2F-3,ToxPrint,occurrence,mass,valid,mean,chemprop,none,none,exp-dropfirst,True,70,100,0.1,1,6,5,0.5,0.51771,1.03366,0.81597,0.74573
s-F2F-3,ToxPrint,occurrence,molar,train,mean,chemprop,none,none,exp-dropfirst,True,78,100,0.1,1,9,3,0.5,0.94411,0.39438,0.2853,0.97197
s-F2F-3,ToxPrint,occurrence,molar,valid,mean,chemprop,none,none,exp-dropfirst,True,78,100,0.1,1,9,3,0.5,0.59436,1.01638,0.79398,0.79137
s-F2F-3,mol2vec,totallyrandom,mass,train,mean,chemprop,none,none,exp-dropfirst,True,46,100,0.1,0,12,5,0.5,0.9584,0.31178,0.2009,0.97901
s-F2F-3,mol2vec,totallyrandom,mass,valid,mean,chemprop,none,none,exp-dropfirst,True,46,100,0.1,0,12,5,0.5,0.87683,0.53474,0.34836,0.93656
s-F2F-3,mol2vec,totallyrandom,molar,train,mean,chemprop,none,none,exp-dropfirst,True,23,100,0.1,0,6,5,1.0,0.9616,0.3221,0.2158,0.98072
s-F2F-3,mol2vec,totallyrandom,molar,valid,mean,chemprop,none,none,exp-dropfirst,True,23,100,0.1,0,6,5,1.0,0.89277,0.53597,0.35566,0.94497
s-F2F-3,mol2vec,occurrence,mass,train,mean,chemprop,none,none,exp-dropfirst,True,212,50,0.2,1,6,5,0.5,0.94232,0.37275,0.26613,0.97089
s-F2F-3,mol2vec,occurrence,mass,valid,mean,chemprop,none,none,exp-dropfirst,True,212,50,0.2,1,6,5,0.5,0.53146,1.01731,0.78673,0.7534
s-F2F-3,mol2vec,occurrence,molar,train,mean,chemprop,none,none,exp-dropfirst,True,94,100,0.1,1,12,5,0.5,0.95525,0.3528,0.24843,0.97748
s-F2F-3,mol2vec,occurrence,molar,valid,mean,chemprop,none,none,exp-dropfirst,True,94,100,0.1,1,12,5,0.5,0.58045,1.03063,0.79801,0.78695
s-F2F-3,Mordred,totallyrandom,mass,train,mean,chemprop,none,none,exp-dropfirst,True,44,50,0.1,0,12,5,0.5,0.94918,0.34459,0.2331,0.97458
s-F2F-3,Mordred,totallyrandom,mass,valid,mean,chemprop,none,none,exp-dropfirst,True,44,50,0.1,0,12,5,0.5,0.87642,0.53634,0.35712,0.93647
s-F2F-3,Mordred,totallyrandom,molar,train,mean,chemprop,none,none,exp-dropfirst,True,34,100,0.1,0,9,5,0.5,0.95921,0.33196,0.22356,0.97945
s-F2F-3,Mordred,totallyrandom,molar,valid,mean,chemprop,none,none,exp-dropfirst,True,34,100,0.1,0,9,5,0.5,0.89475,0.5324,0.3529,0.9461
s-F2F-3,Mordred,occurrence,mass,train,mean,chemprop,none,none,exp-dropfirst,True,24,50,0.1,0,9,1,0.5,0.95347,0.33472,0.23066,0.97679
s-F2F-3,Mordred,occurrence,mass,valid,mean,chemprop,none,none,exp-dropfirst,True,24,50,0.1,0,9,1,0.5,0.53284,1.02519,0.79973,0.74847
s-F2F-3,Mordred,occurrence,molar,train,mean,chemprop,none,none,exp-dropfirst,True,193,50,0.2,1,3,1,1.0,0.91584,0.4841,0.35908,0.95815
s-F2F-3,Mordred,occurrence,molar,valid,mean,chemprop,none,none,exp-dropfirst,True,193,50,0.2,1,3,1,1.0,0.58764,1.02789,0.81605,0.7781
s-C2C,none,totallyrandom,molar,train,mean,chemprop,none,none,exp-dropfirst,True,36,50,0.1,0,12,1,0.5,0.9407,0.45611,0.28652,0.97085
s-C2C,none,totallyrandom,molar,valid,mean,chemprop,none,none,exp-dropfirst,True,36,50,0.1,0,12,1,0.5,0.80204,0.83214,0.53529,0.89592
s-C2C,none,totallyrandom,mass,train,mean,chemprop,none,none,exp-dropfirst,True,26,100,0.1,0,9,1,0.5,0.93378,0.45273,0.28645,0.96689
s-C2C,none,totallyrandom,mass,valid,mean,chemprop,none,none,exp-dropfirst,True,26,100,0.1,0,9,1,0.5,0.7758,0.83143,0.53107,0.88142
s-C2C,none,occurrence,mass,train,mean,chemprop,none,none,exp-dropfirst,True,198,100,0.2,1,3,3,0.5,0.77723,0.81983,0.5777,0.88365
s-C2C,none,occurrence,mass,valid,mean,chemprop,none,none,exp-dropfirst,True,198,100,0.2,1,3,3,0.5,0.40611,1.31946,0.9938,0.65018
s-C2C,none,occurrence,molar,train,mean,chemprop,none,none,exp-dropfirst,True,15,100,0.1,0,6,1,1.0,0.89661,0.59507,0.39609,0.94834
s-C2C,none,occurrence,molar,valid,mean,chemprop,none,none,exp-dropfirst,True,15,100,0.1,0,6,1,1.0,0.46596,1.33615,0.98731,0.69798
s-C2C,MACCS,totallyrandom,molar,train,mean,chemprop,none,none,exp-dropfirst,True,163,100,0.2,0,6,3,1.0,0.93598,0.47394,0.29271,0.96771
s-C2C,MACCS,totallyrandom,molar,valid,mean,chemprop,none,none,exp-dropfirst,True,163,100,0.2,0,6,3,1.0,0.83549,0.7583,0.48363,0.91435
s-C2C,MACCS,totallyrandom,mass,train,mean,chemprop,none,none,exp-dropfirst,True,26,100,0.1,0,9,1,0.5,0.94066,0.42851,0.26081,0.97008
s-C2C,MACCS,totallyrandom,mass,valid,mean,chemprop,none,none,exp-dropfirst,True,26,100,0.1,0,9,1,0.5,0.8141,0.75688,0.47854,0.90269
s-C2C,MACCS,occurrence,mass,train,mean,chemprop,none,none,exp-dropfirst,True,66,100,0.1,1,6,3,0.5,0.89311,0.56792,0.3771,0.94563
s-C2C,MACCS,occurrence,mass,valid,mean,chemprop,none,none,exp-dropfirst,True,66,100,0.1,1,6,3,0.5,0.62351,1.05614,0.75255,0.7939
s-C2C,MACCS,occurrence,molar,train,mean,chemprop,none,none,exp-dropfirst,True,23,100,0.1,0,6,5,1.0,0.91215,0.5486,0.35593,0.95561
s-C2C,MACCS,occurrence,molar,valid,mean,chemprop,none,none,exp-dropfirst,True,23,100,0.1,0,6,5,1.0,0.65205,1.07542,0.77559,0.81266
s-C2C,pcp,totallyrandom,molar,train,mean,chemprop,none,none,exp-dropfirst,True,159,100,0.2,0,6,1,1.0,0.93354,0.48286,0.30227,0.96654
s-C2C,pcp,totallyrandom,molar,valid,mean,chemprop,none,none,exp-dropfirst,True,159,100,0.2,0,6,1,1.0,0.83888,0.75021,0.48378,0.91611
s-C2C,pcp,totallyrandom,mass,train,mean,chemprop,none,none,exp-dropfirst,True,46,100,0.1,0,12,5,0.5,0.93271,0.45629,0.27772,0.96598
s-C2C,pcp,totallyrandom,mass,valid,mean,chemprop,none,none,exp-dropfirst,True,46,100,0.1,0,12,5,0.5,0.81668,0.75136,0.4786,0.90397
s-C2C,pcp,occurrence,mass,train,mean,chemprop,none,none,exp-dropfirst,True,62,100,0.1,1,6,1,0.5,0.89292,0.56836,0.38265,0.94565
s-C2C,pcp,occurrence,mass,valid,mean,chemprop,none,none,exp-dropfirst,True,62,100,0.1,1,6,1,0.5,0.61556,1.06723,0.78645,0.79002
s-C2C,pcp,occurrence,molar,train,mean,chemprop,none,none,exp-dropfirst,True,15,100,0.1,0,6,1,1.0,0.91246,0.5476,0.35975,0.95593
s-C2C,pcp,occurrence,molar,valid,mean,chemprop,none,none,exp-dropfirst,True,15,100,0.1,0,6,1,1.0,0.65878,1.06859,0.78659,0.81713
s-C2C,Morgan,totallyrandom,mass,train,mean,chemprop,none,none,exp-dropfirst,True,303,100,0.3,0,6,1,1.0,0.93289,0.45567,0.27906,0.96625
s-C2C,Morgan,totallyrandom,mass,valid,mean,chemprop,none,none,exp-dropfirst,True,303,100,0.3,0,6,1,1.0,0.81102,0.76261,0.48157,0.90083
s-C2C,Morgan,totallyrandom,molar,train,mean,chemprop,none,none,exp-dropfirst,True,27,100,0.1,0,9,1,1.0,0.94265,0.44853,0.27757,0.97139
s-C2C,Morgan,totallyrandom,molar,valid,mean,chemprop,none,none,exp-dropfirst,True,27,100,0.1,0,9,1,1.0,0.83535,0.75823,0.4837,0.91419
s-C2C,Morgan,occurrence,molar,train,mean,chemprop,none,none,exp-dropfirst,True,342,100,0.3,1,3,3,0.5,0.87264,0.66068,0.45544,0.9344
s-C2C,Morgan,occurrence,molar,valid,mean,chemprop,none,none,exp-dropfirst,True,342,100,0.3,1,3,3,0.5,0.65214,1.07828,0.80753,0.8115
s-C2C,Morgan,occurrence,mass,train,mean,chemprop,none,none,exp-dropfirst,True,90,100,0.1,1,12,3,0.5,0.9143,0.5084,0.33198,0.95655
s-C2C,Morgan,occurrence,mass,valid,mean,chemprop,none,none,exp-dropfirst,True,90,100,0.1,1,12,3,0.5,0.62077,1.06009,0.76436,0.79552
s-C2C,ToxPrint,totallyrandom,molar,train,mean,chemprop,none,none,exp-dropfirst,True,42,100,0.1,0,12,3,0.5,0.94021,0.45801,0.28546,0.96984
s-C2C,ToxPrint,totallyrandom,molar,valid,mean,chemprop,none,none,exp-dropfirst,True,42,100,0.1,0,12,3,0.5,0.83387,0.76194,0.47958,0.91343
s-C2C,ToxPrint,totallyrandom,mass,train,mean,chemprop,none,none,exp-dropfirst,True,26,100,0.1,0,9,1,0.5,0.92852,0.47029,0.30447,0.96406
s-C2C,ToxPrint,totallyrandom,mass,valid,mean,chemprop,none,none,exp-dropfirst,True,26,100,0.1,0,9,1,0.5,0.81066,0.76388,0.48764,0.90062
s-C2C,ToxPrint,occurrence,molar,train,mean,chemprop,none,none,exp-dropfirst,True,79,100,0.1,1,9,3,1.0,0.91753,0.53158,0.35066,0.95858
s-C2C,ToxPrint,occurrence,molar,valid,mean,chemprop,none,none,exp-dropfirst,True,79,100,0.1,1,9,3,1.0,0.66547,1.05809,0.76191,0.82034
s-C2C,ToxPrint,occurrence,mass,train,mean,chemprop,none,none,exp-dropfirst,True,70,100,0.1,1,6,5,0.5,0.87237,0.62056,0.42094,0.93483
s-C2C,ToxPrint,occurrence,mass,valid,mean,chemprop,none,none,exp-dropfirst,True,70,100,0.1,1,6,5,0.5,0.62649,1.05197,0.75333,0.7948
s-C2C,mol2vec,totallyrandom,molar,train,mean,chemprop,none,none,exp-dropfirst,True,19,100,0.1,0,6,3,1.0,0.93465,0.47881,0.2942,0.96709
s-C2C,mol2vec,totallyrandom,molar,valid,mean,chemprop,none,none,exp-dropfirst,True,19,100,0.1,0,6,3,1.0,0.83814,0.75205,0.48184,0.9157
s-C2C,mol2vec,totallyrandom,mass,train,mean,chemprop,none,none,exp-dropfirst,True,46,100,0.1,0,12,5,0.5,0.93827,0.43691,0.24782,0.96873
s-C2C,mol2vec,totallyrandom,mass,valid,mean,chemprop,none,none,exp-dropfirst,True,46,100,0.1,0,12,5,0.5,0.81522,0.75441,0.47353,0.90336
s-C2C,mol2vec,occurrence,molar,train,mean,chemprop,none,none,exp-dropfirst,True,155,100,0.2,0,3,5,1.0,0.89488,0.60011,0.39586,0.94653
s-C2C,mol2vec,occurrence,molar,valid,mean,chemprop,none,none,exp-dropfirst,True,155,100,0.2,0,3,5,1.0,0.64888,1.07983,0.77984,0.81007
s-C2C,mol2vec,occurrence,mass,train,mean,chemprop,none,none,exp-dropfirst,True,3,100,0.1,0,3,1,1.0,0.84471,0.68452,0.47347,0.92118
s-C2C,mol2vec,occurrence,mass,valid,mean,chemprop,none,none,exp-dropfirst,True,3,100,0.1,0,3,1,1.0,0.61228,1.06727,0.78614,0.78734
s-C2C,Mordred,totallyrandom,molar,train,mean,chemprop,none,none,exp-dropfirst,True,23,100,0.1,0,6,5,1.0,0.93079,0.49277,0.30936,0.96519
s-C2C,Mordred,totallyrandom,molar,valid,mean,chemprop,none,none,exp-dropfirst,True,23,100,0.1,0,6,5,1.0,0.83714,0.75427,0.48323,0.91505
s-C2C,Mordred,totallyrandom,mass,train,mean,chemprop,none,none,exp-dropfirst,True,30,100,0.1,0,9,3,0.5,0.9329,0.45561,0.2805,0.96608
s-C2C,Mordred,totallyrandom,mass,valid,mean,chemprop,none,none,exp-dropfirst,True,30,100,0.1,0,9,3,0.5,0.81795,0.74911,0.47403,0.9047
s-C2C,Mordred,occurrence,mass,train,mean,chemprop,none,none,exp-dropfirst,True,82,100,0.1,1,9,5,0.5,0.91412,0.50896,0.32204,0.95639
s-C2C,Mordred,occurrence,mass,valid,mean,chemprop,none,none,exp-dropfirst,True,82,100,0.1,1,9,5,0.5,0.58229,1.10448,0.80444,0.7696
s-C2C,Mordred,occurrence,molar,train,mean,chemprop,none,none,exp-dropfirst,True,66,100,0.1,1,6,3,0.5,0.91648,0.53494,0.34883,0.95768
s-C2C,Mordred,occurrence,molar,valid,mean,chemprop,none,none,exp-dropfirst,True,66,100,0.1,1,6,3,0.5,0.64021,1.09339,0.79518,0.80659
s-A2A,none,totallyrandom,mass,train,mean,chemprop,none,none,exp-dropfirst,True,32,50,0.1,0,9,5,0.5,0.83164,0.54659,0.40895,0.92092
s-A2A,none,totallyrandom,mass,valid,mean,chemprop,none,none,exp-dropfirst,True,32,50,0.1,0,9,5,0.5,0.46948,0.933,0.7384,0.70252
s-A2A,none,totallyrandom,molar,train,mean,chemprop,none,none,exp-dropfirst,True,28,50,0.1,0,9,3,0.5,0.90275,0.42314,0.30074,0.9552
s-A2A,none,totallyrandom,molar,valid,mean,chemprop,none,none,exp-dropfirst,True,28,50,0.1,0,9,3,0.5,0.46747,0.94901,0.73453,0.71291
s-A2A,none,occurrence,molar,train,mean,chemprop,none,none,exp-dropfirst,True,309,50,0.3,0,6,5,1.0,0.98125,0.17501,0.0949,0.9907
s-A2A,none,occurrence,molar,valid,mean,chemprop,none,none,exp-dropfirst,True,309,50,0.3,0,6,5,1.0,0.23815,1.02669,0.79821,0.61291
s-A2A,none,occurrence,mass,train,mean,chemprop,none,none,exp-dropfirst,True,154,100,0.2,0,3,5,0.5,0.93586,0.31819,0.22183,0.96902
s-A2A,none,occurrence,mass,valid,mean,chemprop,none,none,exp-dropfirst,True,154,100,0.2,0,3,5,0.5,0.24689,1.01506,0.81,0.58174
s-A2A,MACCS,totallyrandom,molar,train,mean,chemprop,none,none,exp-dropfirst,True,24,50,0.1,0,9,1,0.5,0.96319,0.26027,0.17182,0.98399
s-A2A,MACCS,totallyrandom,molar,valid,mean,chemprop,none,none,exp-dropfirst,True,24,50,0.1,0,9,1,0.5,0.59073,0.8428,0.63587,0.79801
s-A2A,MACCS,totallyrandom,mass,train,mean,chemprop,none,none,exp-dropfirst,True,32,50,0.1,0,9,5,0.5,0.89202,0.43838,0.31225,0.94879
s-A2A,MACCS,totallyrandom,mass,valid,mean,chemprop,none,none,exp-dropfirst,True,32,50,0.1,0,9,5,0.5,0.55409,0.84917,0.65867,0.78323
s-A2A,MACCS,occurrence,molar,train,mean,chemprop,none,none,exp-dropfirst,True,22,100,0.1,0,6,5,0.5,0.93675,0.31805,0.18901,0.96877
s-A2A,MACCS,occurrence,molar,valid,mean,chemprop,none,none,exp-dropfirst,True,22,100,0.1,0,6,5,0.5,0.4829,0.84802,0.65447,0.73689
s-A2A,MACCS,occurrence,mass,train,mean,chemprop,none,none,exp-dropfirst,True,10,100,0.1,0,3,5,0.5,0.91535,0.36609,0.24857,0.9583
s-A2A,MACCS,occurrence,mass,valid,mean,chemprop,none,none,exp-dropfirst,True,10,100,0.1,0,3,5,0.5,0.46844,0.85619,0.66344,0.73758
s-A2A,pcp,totallyrandom,mass,train,mean,chemprop,none,none,exp-dropfirst,True,5,50,0.1,0,3,3,1.0,0.89737,0.42716,0.30063,0.95449
s-A2A,pcp,totallyrandom,mass,valid,mean,chemprop,none,none,exp-dropfirst,True,5,50,0.1,0,3,3,1.0,0.55237,0.85498,0.64252,0.77014
s-A2A,pcp,totallyrandom,molar,train,mean,chemprop,none,none,exp-dropfirst,True,0,50,0.1,0,3,1,0.5,0.88996,0.45078,0.33309,0.94898
s-A2A,pcp,totallyrandom,molar,valid,mean,chemprop,none,none,exp-dropfirst,True,0,50,0.1,0,3,1,0.5,0.56495,0.86124,0.64039,0.77623
s-A2A,pcp,occurrence,molar,train,mean,chemprop,none,none,exp-dropfirst,True,34,100,0.1,0,9,5,0.5,0.93566,0.3208,0.18696,0.96818
s-A2A,pcp,occurrence,molar,valid,mean,chemprop,none,none,exp-dropfirst,True,34,100,0.1,0,9,5,0.5,0.49607,0.82639,0.62989,0.73723
s-A2A,pcp,occurrence,mass,train,mean,chemprop,none,none,exp-dropfirst,True,34,100,0.1,0,9,5,0.5,0.93465,0.32013,0.18672,0.96781
s-A2A,pcp,occurrence,mass,valid,mean,chemprop,none,none,exp-dropfirst,True,34,100,0.1,0,9,5,0.5,0.49536,0.82221,0.62583,0.73102
s-A2A,Morgan,totallyrandom,mass,train,mean,chemprop,none,none,exp-dropfirst,True,16,50,0.1,0,6,3,0.5,0.91587,0.38701,0.26157,0.96095
s-A2A,Morgan,totallyrandom,mass,valid,mean,chemprop,none,none,exp-dropfirst,True,16,50,0.1,0,6,3,0.5,0.55267,0.84287,0.63655,0.78535
s-A2A,Morgan,totallyrandom,molar,train,mean,chemprop,none,none,exp-dropfirst,True,8,50,0.1,0,3,5,0.5,0.83868,0.54514,0.39135,0.92255
s-A2A,Morgan,totallyrandom,molar,valid,mean,chemprop,none,none,exp-dropfirst,True,8,50,0.1,0,3,5,0.5,0.5908,0.82975,0.65058,0.79575
s-A2A,Morgan,occurrence,mass,train,mean,chemprop,none,none,exp-dropfirst,True,10,100,0.1,0,3,5,0.5,0.89982,0.39646,0.27175,0.95066
s-A2A,Morgan,occurrence,mass,valid,mean,chemprop,none,none,exp-dropfirst,True,10,100,0.1,0,3,5,0.5,0.42778,0.8836,0.65983,0.69985
s-A2A,Morgan,occurrence,molar,train,mean,chemprop,none,none,exp-dropfirst,True,10,100,0.1,0,3,5,0.5,0.90301,0.39514,0.27201,0.95228
s-A2A,Morgan,occurrence,molar,valid,mean,chemprop,none,none,exp-dropfirst,True,10,100,0.1,0,3,5,0.5,0.47974,0.85632,0.65193,0.73694
s-A2A,ToxPrint,totallyrandom,molar,train,mean,chemprop,none,none,exp-dropfirst,True,0,50,0.1,0,3,1,0.5,0.85077,0.52445,0.40272,0.93201
s-A2A,ToxPrint,totallyrandom,molar,valid,mean,chemprop,none,none,exp-dropfirst,True,0,50,0.1,0,3,1,0.5,0.51183,0.91457,0.71284,0.73326
s-A2A,ToxPrint,totallyrandom,mass,train,mean,chemprop,none,none,exp-dropfirst,True,5,50,0.1,0,3,3,1.0,0.85159,0.51353,0.38344,0.93608
s-A2A,ToxPrint,totallyrandom,mass,valid,mean,chemprop,none,none,exp-dropfirst,True,5,50,0.1,0,3,3,1.0,0.47969,0.9201,0.71166,0.70854
s-A2A,ToxPrint,occurrence,mass,train,mean,chemprop,none,none,exp-dropfirst,True,36,50,0.1,0,12,1,0.5,0.94928,0.28343,0.17862,0.97806
s-A2A,ToxPrint,occurrence,mass,valid,mean,chemprop,none,none,exp-dropfirst,True,36,50,0.1,0,12,1,0.5,0.31566,0.97614,0.74629,0.61311
s-A2A,ToxPrint,occurrence,molar,train,mean,chemprop,none,none,exp-dropfirst,True,218,100,0.2,1,9,1,0.5,0.88727,0.42738,0.33167,0.9455
s-A2A,ToxPrint,occurrence,molar,valid,mean,chemprop,none,none,exp-dropfirst,True,218,100,0.2,1,9,1,0.5,0.33322,0.97069,0.74279,0.64145
s-A2A,mol2vec,totallyrandom,molar,train,mean,chemprop,none,none,exp-dropfirst,True,57,50,0.1,1,3,5,1.0,0.90785,0.41248,0.2893,0.96601
s-A2A,mol2vec,totallyrandom,molar,valid,mean,chemprop,none,none,exp-dropfirst,True,57,50,0.1,1,3,5,1.0,0.49472,0.93119,0.69523,0.72887
s-A2A,mol2vec,totallyrandom,mass,train,mean,chemprop,none,none,exp-dropfirst,True,12,50,0.1,0,6,1,0.5,0.95777,0.27393,0.1806,0.98181
s-A2A,mol2vec,totallyrandom,mass,valid,mean,chemprop,none,none,exp-dropfirst,True,12,50,0.1,0,6,1,0.5,0.48879,0.90908,0.68749,0.75055
s-A2A,mol2vec,occurrence,mass,train,mean,chemprop,none,none,exp-dropfirst,True,172,50,0.2,0,9,3,0.5,0.95666,0.26152,0.12869,0.97862
s-A2A,mol2vec,occurrence,mass,valid,mean,chemprop,none,none,exp-dropfirst,True,172,50,0.2,0,9,3,0.5,0.29605,0.98896,0.75389,0.64421
s-A2A,mol2vec,occurrence,molar,train,mean,chemprop,none,none,exp-dropfirst,True,24,50,0.1,0,9,1,0.5,0.95228,0.27736,0.16418,0.97887
s-A2A,mol2vec,occurrence,molar,valid,mean,chemprop,none,none,exp-dropfirst,True,24,50,0.1,0,9,1,0.5,0.37037,0.94711,0.72031,0.6642
s-A2A,Mordred,totallyrandom,mass,train,mean,chemprop,none,none,exp-dropfirst,True,8,50,0.1,0,3,5,0.5,0.90216,0.41725,0.28223,0.95446
s-A2A,Mordred,totallyrandom,mass,valid,mean,chemprop,none,none,exp-dropfirst,True,8,50,0.1,0,3,5,0.5,0.48395,0.91326,0.6928,0.7369
s-A2A,Mordred,totallyrandom,molar,train,mean,chemprop,none,none,exp-dropfirst,True,204,50,0.2,1,6,1,0.5,0.92846,0.36336,0.26785,0.96561
s-A2A,Mordred,totallyrandom,molar,valid,mean,chemprop,none,none,exp-dropfirst,True,204,50,0.2,1,6,1,0.5,0.50876,0.91574,0.69549,0.75503
s-A2A,Mordred,occurrence,mass,train,mean,chemprop,none,none,exp-dropfirst,True,11,100,0.1,0,3,5,1.0,0.96647,0.23111,0.12234,0.98339
s-A2A,Mordred,occurrence,mass,valid,mean,chemprop,none,none,exp-dropfirst,True,11,100,0.1,0,3,5,1.0,0.47537,0.85566,0.64222,0.73609
s-A2A,Mordred,occurrence,molar,train,mean,chemprop,none,none,exp-dropfirst,True,11,100,0.1,0,3,5,1.0,0.96588,0.23569,0.12549,0.98312
s-A2A,Mordred,occurrence,molar,valid,mean,chemprop,none,none,exp-dropfirst,True,11,100,0.1,0,3,5,1.0,0.51381,0.83129,0.62077,0.75315
